index,name,duration,is_loop,is_best,playlist,playlist_2,playlist_3,id,thumbnail_url
1,"Opening",84454,False,True,"","","","33d3ba03-160f-46f3-8245-ec32ab5c3d2c","https://image-assets.m.nintendo.com/ba3fd87e-5f01-4fbf-ad6d-b4fde72f936f"
2,"Title Screen",141780,True,True,"瓦力欧","标题画面|步行|聆听夏日","Nintendo Music精选|Nintendo Switch精选","af19c2c1-06d6-4415-8ba0-046933cdfc6f","https://image-assets.m.nintendo.com/904f0d92-cd79-4272-913a-d0f1386a8bde"
3,"Main Menu",179943,True,True,"","","","f86bab81-64ca-481f-8403-daadc512bf5f","https://image-assets.m.nintendo.com/3219817f-1b02-4bd9-9e8a-7154e0a3e43c"
4,"Story Menu",157710,True,True,"瓦力欧","","Nintendo Music精选|Nintendo Switch精选","2c25d580-1084-4d43-9071-40c982ce3795","https://image-assets.m.nintendo.com/dc563f62-879a-4988-8d4f-651a175aa9fb"
5,"Prologue (Wario)",59291,False,True,"瓦力欧","冒险的开始","","0070c732-131b-410e-9278-f8b4eedb0f4b","https://image-assets.m.nintendo.com/acb8dec0-d5f6-4bf4-baa1-4f8952fef425"
6,"Form Guide",76955,True,True,"","","","7627bdbc-6bcf-4775-a4ac-638f992eaa7d","https://image-assets.m.nintendo.com/4232430c-2e4a-4fa4-8f21-c10d8a449355"
7,"Stage Intro (Wario)",3193,False,True,"瓦力欧","","","46f302d3-c970-42db-88d1-c2ae3d42268c","https://image-assets.m.nintendo.com/b3bbc73d-8c0a-460c-a408-1b54169e85a8"
8,"Jailbreak",5072,False,True,"小游戏","","","7bfff6d3-8f81-440f-996a-7f48ad609e65","https://image-assets.m.nintendo.com/3dc48d3a-41bf-43b6-99e8-b66f9c45e571"
9,"Microgame Success (Wario)",3177,False,True,"瓦力欧","","","acda96fd-ae62-43ac-b853-f042fd6aae5b","https://image-assets.m.nintendo.com/737480bb-b3aa-4c30-847c-257b2c370248"
10,"Microgame Intro (Wario)",5172,False,True,"瓦力欧","","","00064374-f93a-4bbe-a09e-8e313e8f3bb6","https://image-assets.m.nintendo.com/d92bdeea-d967-4698-8b90-8865c817f33e"
11,"Speed Skate",5229,False,True,"小游戏","","","ede9aa93-e89b-4d70-b6b5-dfafeaaeea30","https://image-assets.m.nintendo.com/9bfc83a5-36e0-4ad2-96e1-27536a140488"
12,"Bell Chorus: Level 1",6194,False,True,"小游戏","","","65ac720b-7253-4993-aa44-783fe3ee4719","https://image-assets.m.nintendo.com/65ec39ff-6073-4607-be52-e05c1efc4b7a"
13,"Bell Chorus: Level 2",4692,False,True,"小游戏","","","90aabcbf-3d9a-44cf-83ab-742a499a91a1","https://image-assets.m.nintendo.com/678eecc0-10ff-4fb8-b69e-8d0863af529a"
14,"Bell Chorus: Level 3",5373,False,True,"小游戏","","","4b07e824-9ea8-49eb-b25e-66f50609badd","https://image-assets.m.nintendo.com/23a46b52-8469-4af9-83be-645f8edfc0f8"
15,"Bell Chorus: Two Players",6194,False,True,"小游戏","","","1ddb3ddc-b7f1-4738-bdfc-6d3c36ba86bd","https://image-assets.m.nintendo.com/bc25af80-79b1-4706-8f12-0f9804e22f68"
16,"Bell Chorus: Failure",4775,False,True,"","","","693d9fee-b2fc-4e0c-84c8-87df8e882144","https://image-assets.m.nintendo.com/0398ec87-57af-4a73-904c-0875f3e48598"
17,"Cheers!",5148,False,True,"小游戏","","","f4813378-8a24-4d79-ba80-1037a4b8b5d7","https://image-assets.m.nintendo.com/d57cc113-f77e-4615-8973-78a7b8a59794"
18,"Speed Up! (Wario)",5105,False,True,"瓦力欧","","","a3ebb455-e156-433c-ad36-2035846e0232","https://image-assets.m.nintendo.com/9fd490e3-6391-4b02-b996-074fda3fd10e"
19,"Locomotion",9710,False,True,"小游戏","","","49c35470-050e-4f05-9cc0-2b3f7c13aab5","https://image-assets.m.nintendo.com/9eade141-24a8-45ff-975b-22d444697369"
20,"Bucket Brigade",9023,False,True,"小游戏","","","e15d5018-eb00-4874-9ab8-d41286b917da","https://image-assets.m.nintendo.com/be238645-11b6-4d35-b2fe-a29b70df5ac3"
21,"Cutting Board",5197,False,True,"小游戏","","","98967102-4d6d-4910-8dac-d8709b8b68f8","https://image-assets.m.nintendo.com/be3a975e-f1ac-4132-9071-877d2f921c1e"
22,"Loose Drawers",4672,False,True,"小游戏","","","ae3f783f-7c68-4918-b59b-fc7017b1658d","https://image-assets.m.nintendo.com/c2ac36ce-2751-4a58-a077-9289768b43ad"
23,"Microgame Fail (Wario)",3044,False,True,"瓦力欧","","","f4024972-d83b-4bab-98bb-a4512021167b","https://image-assets.m.nintendo.com/b89504ee-0c1e-4237-a8f7-652ce885f765"
24,"Stony Look",9914,False,True,"小游戏","","","c531b51c-eec2-4463-ab5e-8ce61078969f","https://image-assets.m.nintendo.com/52c4d533-4b22-4b83-a36b-58c36947eb70"
25,"About-Face",4416,False,True,"小游戏","","","f987279f-b3e9-4613-906b-7056d6e9a1ad","https://image-assets.m.nintendo.com/a2aef2bc-130b-4d7d-91d9-75f74be232be"
26,"Code Dependency",4767,False,True,"小游戏","","","73cf8224-15ba-4afb-86cf-69a12c237639","https://image-assets.m.nintendo.com/15e0bf5f-fa4c-4997-94bc-e8411124439d"
27,"The Way I Like It",4987,False,True,"小游戏","","","8c939800-0817-4587-af74-7481f8b65f5e","https://image-assets.m.nintendo.com/4d279a62-ce7c-4fa5-95b2-048efebabf5e"
28,"Boss Stage (Wario)",5271,False,True,"瓦力欧","","","46579022-ed58-40b8-979b-449a487cfef0","https://image-assets.m.nintendo.com/73f33b83-1142-4798-961e-f2f33313b5cf"
29,"Octoblocker",125173,True,True,"小游戏","","","6d405ac0-6102-4178-ad82-52a323d791bc","https://image-assets.m.nintendo.com/e2bedb7a-cd3b-477e-823d-cc4b367ee658"
30,"Octoblocker (Boss): Fail",1937,False,True,"","","","2e1e41cd-62a6-475c-aaf7-d77c35edc2b1","https://image-assets.m.nintendo.com/4e1ef39f-0533-47bb-ac2d-d88df5e4f9e7"
31,"Octoblocker (Boss): Success",4317,False,True,"","Win!","","f788f53d-5d98-49e1-a4db-e219217057c4","https://image-assets.m.nintendo.com/13ebad7f-f023-4f27-8e5b-b2e55dfbc13b"
32,"Stage Clear (Wario)",5025,False,True,"瓦力欧","","","7d80f66d-4544-467c-bd25-dc501e9826d2","https://image-assets.m.nintendo.com/6155a8be-8160-46ba-ac58-fd4bf5d3cede"
33,"Epilogue (Wario)",16028,False,True,"瓦力欧","","","0363a034-6e89-4513-b215-8c47ee6a1535","https://image-assets.m.nintendo.com/3aafcb4b-a45c-46da-9cc0-68e43a681c47"
34,"A Short Break",95400,True,True,"","放松一下|聆听夏日","","391bca9e-6eb6-4c53-accf-2634e054457d","https://image-assets.m.nintendo.com/b558eedb-5b0d-4617-9d34-59b9b849b089"
35,"Level Up! (Wario)",5112,False,True,"瓦力欧","","","e874d8a3-c9d8-44d1-acaf-925cb61c998f","https://image-assets.m.nintendo.com/1ce1b9b6-2a60-4f7c-be3c-4e56ddb6a146"
36,"Game Over (Wario)",3671,False,False,"瓦力欧","","","33b51e5b-e6f0-442b-b4cc-d4f940e66ba1","https://image-assets.m.nintendo.com/eb635f29-23d0-4015-8a96-d1463b40f7a2"
37,"Results (Wario)",58073,True,True,"瓦力欧","","","7bef0d1e-dee6-4d96-b17b-79a0cb0bb002","https://image-assets.m.nintendo.com/a75f10ae-0648-465a-9c6d-b318883ba3bc"
38,"Prologue (Mona)",43085,False,True,"莫娜","","","262adce7-4fe5-4d5f-9d38-2da71d3a492a","https://image-assets.m.nintendo.com/520244c2-b6e2-4327-a807-29c82a6e79ad"
39,"Stage Intro (Mona)",3076,False,True,"莫娜","","","c6d06071-590c-4122-b153-0a6b16a6d771","https://image-assets.m.nintendo.com/6c0fa0a4-dc94-4cdd-845d-04336634da1d"
40,"Wiper Wave",5209,False,True,"小游戏","","","d882357b-99b2-4f51-a0fe-c6634116f8c5","https://image-assets.m.nintendo.com/f2945f90-7da8-40c0-b4c1-68e55269dd09"
41,"Microgame Success (Mona)",3143,False,True,"莫娜","","","704484cd-0ae3-46b0-bd3e-c13988efb470","https://image-assets.m.nintendo.com/20f3c979-f9e7-433d-8f5a-dd907ac132ee"
42,"Microgame Intro (Mona)",5187,False,True,"莫娜","","","886867a1-356b-4322-916b-0186a36b6625","https://image-assets.m.nintendo.com/4b623560-b61f-4284-accd-7f5c0d4b8f4a"
43,"Rainy Day",8948,False,True,"小游戏","","","d9aaa10a-b063-4121-8fa2-83e2ed93aace","https://image-assets.m.nintendo.com/fcc156d6-f812-48a0-8588-2ad0b27449fd"
44,"Badger Burrow",9095,False,True,"小游戏","","","f924e69d-45dd-4a94-926d-0f34729ea9ad","https://image-assets.m.nintendo.com/4e0574e7-7547-47aa-9435-637b552c979c"
45,"Take the Plunger",4878,False,True,"小游戏","","","8c710e43-32ca-4a99-96da-802827b5eaec","https://image-assets.m.nintendo.com/91879390-86f2-4b92-b9a4-5f41c57da6b8"
46,"Biggest Fan",8986,False,True,"小游戏","","","6f7f5307-7645-438e-8a5e-86f57d274bd4","https://image-assets.m.nintendo.com/f17cf519-3b19-467c-a070-ebdd321d45e1"
47,"Pepper Mill",4698,False,True,"小游戏","","","f66f4afb-f063-4706-85e6-4bbc8e460715","https://image-assets.m.nintendo.com/e44448c9-60bb-47dc-86bc-bec81aa4037d"
48,"Speed Up! (Mona)",5259,False,True,"莫娜","","","03172d0e-20bb-4d12-87e5-dccc3636a838","https://image-assets.m.nintendo.com/fca5ce8e-0956-459c-a2ce-2e9e11d68cde"
49,"Seaweedy",5031,False,True,"小游戏","","","846e21a3-3d7f-48e5-850f-8cd1ac57f7da","https://image-assets.m.nintendo.com/73ee7cec-c163-451b-b253-ec7938ba21e8"
50,"Well-Done",5340,False,True,"小游戏","","","f518f0da-7a62-4558-ab19-8e7e4621c81b","https://image-assets.m.nintendo.com/03d0d270-dbb6-4450-b7cc-693251a91f5a"
51,"Helping Hands",9717,False,True,"小游戏","","","77eec29b-03ab-4c90-82f5-b3817ddb40ed","https://image-assets.m.nintendo.com/3bfc959f-6682-4c02-b51a-cb7b2bbfbea3"
52,"Batter Up",9476,False,True,"小游戏","","","950192a0-467a-408f-b710-19bffeb76f9b","https://image-assets.m.nintendo.com/b272c891-d448-4e8d-9f9a-76fb7a9dd65b"
53,"Synchronized Swim",5946,False,True,"小游戏","","","4f155b68-8cd7-4efd-8f66-b101d153183e","https://image-assets.m.nintendo.com/d25367cc-7d68-4e78-b6a2-f1fc91b62841"
54,"Snowball Fight",5473,False,True,"小游戏","","","a368d1a2-fc75-448e-94bb-fc40368b8375","https://image-assets.m.nintendo.com/adde1b34-b948-4484-bf82-e652c2c86d3d"
55,"De-Stocking",6224,False,True,"小游戏","","","47fb1c0d-0c6c-48ad-9f1c-d5106ce57b90","https://image-assets.m.nintendo.com/88bc5442-de1d-4f71-8b47-5e9581f7bd92"
56,"Microgame Fail (Mona)",3001,False,True,"莫娜","","","bd22a318-d05c-4942-9f59-160adba22671","https://image-assets.m.nintendo.com/0a9c9f46-6acf-400e-ad3f-3099c7d8aff6"
57,"Gold Digger",4859,False,True,"小游戏","","","4ddaa226-4df6-4cb0-acb7-19ce51f40172","https://image-assets.m.nintendo.com/b4ebe88f-fe99-4e87-abbd-f98538a062c3"
58,"Who Goes There!",5736,False,True,"小游戏","","","74be369a-ab39-453d-81f7-24aab1b56733","https://image-assets.m.nintendo.com/1f6de86a-09d5-438e-a25a-a8b26634f97d"
59,"Star Light, Star Bright",5175,False,True,"小游戏","","","03062ae6-0baf-4115-9a10-56903bdeb0f9","https://image-assets.m.nintendo.com/d68f595c-5040-4147-afd2-d69d0c886235"
60,"I Spyglass",9207,False,True,"小游戏","","","928d2415-5739-44f2-b454-965535846dae","https://image-assets.m.nintendo.com/de2210de-ba5d-44a3-b531-f0476f1c6fd6"
61,"Denied!",4955,False,True,"小游戏","","","01c1bc21-79be-4439-a9ab-8aa7a59221d7","https://image-assets.m.nintendo.com/236fab33-f092-4d4d-bfb6-ddf67e86361b"
62,"Nunchaku Practice",6350,False,True,"小游戏","","","9b87e9c4-cd06-4448-a44d-b1a4b4239fc0","https://image-assets.m.nintendo.com/03cd406d-392a-4470-be12-eaecc905b733"
63,"Throw-In",4842,False,True,"小游戏","","","70fffde4-1b1c-4b0b-9971-73686cc1e913","https://image-assets.m.nintendo.com/f1c23680-9e64-4e55-a8d0-9d3ebb013685"
64,"Boss Stage (Mona)",5379,False,True,"莫娜","","","3ba2bc24-78f2-44fa-b91c-8285498abb8b","https://image-assets.m.nintendo.com/da090269-a0a7-43c8-bf8a-87edc08af393"
65,"Candle Bear (Boss)",123132,True,True,"小游戏","","","503d059f-fc85-463d-87fc-bea5c901597c","https://image-assets.m.nintendo.com/300f977c-1083-4224-a33d-2b9a0e3ef789"
66,"Candle Bear (Boss): Fail",2709,False,True,"","","","43a9681f-f5c9-4805-9991-d334e285d849","https://image-assets.m.nintendo.com/0a5521d1-32e0-41d4-a36f-58ccd447bab1"
67,"Candle Bear (Boss): Success",4563,False,True,"","Win!","","7871c7f0-cf56-4eb8-8559-761849f1b428","https://image-assets.m.nintendo.com/e3f61f2c-c66b-4852-81f7-af43aace191e"
68,"Stage Clear (Mona)",5179,False,True,"莫娜","","","c8d5b40f-713c-4fe1-8a8b-de3ee43fe366","https://image-assets.m.nintendo.com/cb40e4d8-8b80-4d59-93a2-b75c6c3adda0"
69,"Epilogue (Mona)",24619,False,True,"莫娜","","","2064344f-1da4-4464-846b-301d33965763","https://image-assets.m.nintendo.com/23c2e44e-d11c-4e95-97b8-4575169900d0"
70,"Level Up! (Mona)",5210,False,True,"莫娜","","","8e0f07d2-0f79-48c6-a97b-e01781391fdb","https://image-assets.m.nintendo.com/8a0ae873-6bb5-417e-b9da-a9533d684159"
71,"Game Over (Mona)",4069,False,False,"莫娜","","","a1038276-5280-4058-8692-e491dc028ec0","https://image-assets.m.nintendo.com/6da49e97-02f0-494b-9b5d-9bc3d18f5f0f"
72,"Results (Mona)",79484,True,True,"莫娜","","","3d788ac0-9c69-46b8-98ae-06ec1d35027d","https://image-assets.m.nintendo.com/551acb78-7131-404f-ad64-4d481dfc8b9d"
73,"Prologue (Crygor, Penny & Mike)",56915,False,True,"克莱格博士","","","1f30010e-63ed-4908-9f73-ad3dd303fb64","https://image-assets.m.nintendo.com/8a0d6b09-4de9-458e-877f-3eb928edf2e1"
74,"Stage Intro (Crygor, Penny & Mike)",2842,False,True,"克莱格博士","","","eec09437-768f-4066-bc46-6b1a71d8f891","https://image-assets.m.nintendo.com/239911c6-4b30-4173-ba5d-f216fd80d5e3"
75,"You've Got Tissues",5039,False,True,"小游戏","","","5b650714-ceba-4348-a191-67c901927ecb","https://image-assets.m.nintendo.com/0d15a01e-5978-480d-8918-e7e54ea49042"
76,"Microgame Success (Crygor, Penny & Mike)",2890,False,True,"克莱格博士","","","ea9dd3de-1719-4c25-868d-557ae341d4a9","https://image-assets.m.nintendo.com/e1bfae43-44df-4dfa-af32-b70abef5ad6e"
77,"Microgame Intro (Crygor, Penny & Mike)",4749,False,True,"克莱格博士","","","9aa8aa61-2f79-4fdd-abba-76b3a894014d","https://image-assets.m.nintendo.com/341a7da8-616b-46a7-b633-93c99b971256"
78,"Security Risk",5073,False,True,"小游戏","","","88ef8e92-9ffc-4204-8d77-2eaf74e77004","https://image-assets.m.nintendo.com/ba78eae9-2440-49f1-b38d-0f71d8a64429"
79,"Gacha Now",4392,False,True,"小游戏","","","af47900c-d64a-4692-add5-2eba37ec81e7","https://image-assets.m.nintendo.com/43a2a52f-bef1-4e39-936c-5f4a3b1b0d50"
80,"Needy Needles",8908,False,True,"小游戏","","","5e70c7f1-2cce-4b4a-bd40-30a9eaf3ca46","https://image-assets.m.nintendo.com/e9a7a6d5-2dce-46fe-be1d-0a071f0e3747"
81,"Deep Fryer",9131,False,True,"小游戏","","","67af1280-d0d4-4462-950d-1fc26895c844","https://image-assets.m.nintendo.com/1a47f082-c57b-46dd-ab1d-612208d75a70"
82,"Comedy of Manners",8778,False,True,"小游戏","","","c86e9379-6e9a-4d10-b5b2-3af1fdc7e4b6","https://image-assets.m.nintendo.com/41c00b51-8d41-4e23-9aa9-26039070aa79"
83,"Speed Up! (Crygor, Penny & Mike)",4657,False,True,"克莱格博士","","","e608abdd-d3d8-485b-a206-99051add8fc5","https://image-assets.m.nintendo.com/a11ecfe5-0d92-49c1-9187-b315f46ff882"
84,"Wrung Out",5063,False,True,"小游戏","","","025c8bad-a3cb-429d-8fc2-f4a8c7db61b4","https://image-assets.m.nintendo.com/6659d6da-da25-4d1b-be28-15c92d3d8043"
85,"Tools of the Trade",8795,False,True,"小游戏","","","94677ebb-812e-4333-ba8e-88ccc3aafee0","https://image-assets.m.nintendo.com/5b5ceaed-80c7-40c0-9bdc-93582e6d58c3"
86,"Pancake Flip",5214,False,True,"小游戏","","","e4a68ad2-2e8f-4122-bc01-c81529939258","https://image-assets.m.nintendo.com/2ad8fc99-b180-409f-9da6-b6bacf4797e4"
87,"Pure Waddle",8727,False,True,"小游戏","","","1d30c2fb-f607-4ed1-827c-774676cf9108","https://image-assets.m.nintendo.com/6b349342-f8bf-43bb-806a-fabd3479b6a9"
88,"Feeding Time",5114,False,True,"小游戏","","","aae44234-06bf-4d62-8c9e-c35b137d2a4d","https://image-assets.m.nintendo.com/698c3e6e-ade0-4e0f-9b13-5ae2a82d43d4"
89,"Get the Ball Rolling",8836,False,True,"小游戏","","","3cc8d331-1392-43f5-9e98-6b9e77b9343a","https://image-assets.m.nintendo.com/d7fe67c5-0b5d-4f7d-b4e4-8ab8b538625c"
90,"Going Swimmingly",5045,False,True,"小游戏","","","56564261-e3b0-4aa4-bb69-84fb2c52952e","https://image-assets.m.nintendo.com/31ac1d42-95b6-419e-8c19-67f4215dfc0b"
91,"Microgame Fail (Crygor, Penny & Mike)",2720,False,True,"克莱格博士","","","6cc1ae67-d004-4015-96b9-238b5678fcd2","https://image-assets.m.nintendo.com/c5e28e7e-e90a-442e-935d-794f409b0876"
92,"Monkeypult",5659,False,True,"小游戏","","","0777c582-8f7c-427f-b5ba-5383c2e5ecd7","https://image-assets.m.nintendo.com/d87f788a-429a-4602-adc8-7eb99e70e3d8"
93,"Handcar Escape",8928,False,True,"小游戏","","","e3e325c6-f688-4aff-84ae-ebd7d58e6d60","https://image-assets.m.nintendo.com/84f2aa00-4580-43b1-bb9f-643c871b2521"
94,"Limbo!",7921,False,True,"小游戏","","","79fa09da-111a-4417-a126-652be3f0d0e3","https://image-assets.m.nintendo.com/ebd2e1a4-d17d-494e-a6b0-5cc3600ce80c"
95,"Hunky-Dory",5123,False,True,"小游戏","","","c31e10ce-505c-4de3-b63f-1a14bccb13ca","https://image-assets.m.nintendo.com/0b66b3f2-538e-46ef-90bd-a09e90fab81b"
96,"True Fluff",9526,False,True,"小游戏","","","994796cc-e37a-4e37-8d60-e4d87fdac96a","https://image-assets.m.nintendo.com/810b76c7-7049-4419-aa13-382c259ee1ce"
97,"Shake Out the Kinks",5332,False,True,"小游戏","","","e0d38c30-6974-4e4c-84e5-b79f9fef82c7","https://image-assets.m.nintendo.com/8cf90ddc-7fca-4739-9c7c-5ffb6b910045"
98,"Light 'Em Up",5028,False,True,"小游戏","","","5c12909e-8cf4-4ff6-8106-e04ade71d7fa","https://image-assets.m.nintendo.com/4c9a7069-28a2-494d-b038-615099853274"
99,"Boss Stage (Crygor, Penny & Mike)",4626,False,True,"克莱格博士","","","0c823f7d-5da2-4fd5-8b4b-ca38cfc77620","https://image-assets.m.nintendo.com/ed9996ec-a6c9-4b96-af00-670e28dbec5b"
100,"Poison Apple (Boss)",137882,True,True,"小游戏","","","507c546a-3692-4905-87b5-8e439c2adf5b","https://image-assets.m.nintendo.com/18f58e18-b7cd-4b10-8480-19ea17169819"
101,"Poison Apple (Boss): Fail",5270,False,True,"","","","053db094-4a94-4179-be8e-995f3e4b1826","https://image-assets.m.nintendo.com/b4ccd87f-d53d-481d-b880-5f88c0fb60f6"
102,"Poison Apple (Boss): Success",5664,False,True,"","","","c2247f46-6534-4b74-9be4-a47038cd1198","https://image-assets.m.nintendo.com/814b324b-c4b8-41ce-963f-d561d21078a0"
103,"Stage Clear (Crygor, Penny & Mike)",4079,False,True,"克莱格博士","","","cdb09a1f-1720-496c-90a6-89bf8fbbd098","https://image-assets.m.nintendo.com/6f100173-0332-4634-a93d-ec37aa9d9346"
104,"Level Up! (Crygor, Penny & Mike)",4583,False,True,"克莱格博士","","","9154a206-22da-48a2-b7d0-dfaa71b9a0d0","https://image-assets.m.nintendo.com/d49e3e0a-e6f9-4824-907b-e46752d4139b"
105,"Game Over (Crygor, Penny & Mike)",3522,False,False,"克莱格博士","","","33271d0f-485d-4060-883c-1043f9e05cd5","https://image-assets.m.nintendo.com/f75604fd-fc43-415c-a1b3-945a02f7ad72"
106,"Results (Crygor, Penny & Mike)",55512,True,True,"克莱格博士","","","cb4c745f-66d6-4cf3-b999-62f32bfc462c","https://image-assets.m.nintendo.com/cd1502f9-d63a-4c9a-9842-5b1a368b497c"
107,"Prologue (Ashley & Red)",60752,False,True,"艾希莉＆小红魔","","","89fdc1e2-fb20-424d-b56b-66ef367840dc","https://image-assets.m.nintendo.com/e3f23868-7e4e-4d16-b43b-1e762358b8fa"
108,"Stage Intro (Ashley & Red)",3153,False,True,"艾希莉＆小红魔","","","8eb2ad4c-617a-4349-80aa-cc9df20c75ca","https://image-assets.m.nintendo.com/50c92dbd-1566-499c-b65e-115f673ff24a"
109,"Tilt the Scale",4936,False,True,"小游戏","","","d1893f86-4a75-4459-b6a4-4d2e89c78338","https://image-assets.m.nintendo.com/c82495b8-3f27-4a89-8d40-8be0235c5f19"
110,"Microgame Success (Ashley & Red)",3013,False,True,"艾希莉＆小红魔","","","f6445b5c-fc66-4e21-8c23-fcb58ee15d60","https://image-assets.m.nintendo.com/a6a3ae3e-48e5-4a6e-969d-45730ade250c"
111,"Microgame Intro (Ashley & Red)",5045,False,True,"艾希莉＆小红魔","","","dbee7e67-84c4-45bd-95f8-8045adc3aeca","https://image-assets.m.nintendo.com/d1ec9e53-64d1-4eca-9a21-af36e4974a82"
112,"Broom Ride",5597,False,True,"小游戏","","","8d52db0d-451f-4c28-9464-924f22030bb3","https://image-assets.m.nintendo.com/b87f0c0b-39c1-4ff4-af26-30e03d1755e4"
113,"Hour Hands",4837,False,True,"小游戏","","","48b14bad-2ae0-4212-8789-b7467496e2df","https://image-assets.m.nintendo.com/3fe720b5-8ac2-42ce-a041-71ff8b8113be"
114,"Chop to It",4865,False,True,"小游戏","","","d4300fd0-45fb-470f-a45f-c6f1baa715f8","https://image-assets.m.nintendo.com/00842fa8-9f53-4a2b-960e-6d4e61e8d30d"
115,"Dress for Success",5145,False,True,"小游戏","","","2162a56a-7e9b-44d4-9153-2f0f28d1f024","https://image-assets.m.nintendo.com/1a01c71f-c907-45bc-bf10-8a4227198ae0"
116,"Last Line of Defense",5113,False,True,"小游戏","","","bbc081f5-508c-45d7-b276-0630caa7a7b8","https://image-assets.m.nintendo.com/19e9f5ad-a601-4b0e-9f7e-ef7a11ef815f"
117,"Speed Up! (Ashley & Red)",4893,False,True,"艾希莉＆小红魔","","","ec8d3211-bcac-4def-9067-98caff9fdfbe","https://image-assets.m.nintendo.com/3968be8a-7d78-4e8c-85fd-ab2cadfe4379"
118,"Harvest Man",4841,False,True,"小游戏","","","7986df9d-27cf-4c22-a5ad-c67663845d9a","https://image-assets.m.nintendo.com/409d6462-944e-470a-a118-2c5e208e8975"
119,"Party Foul",4890,False,True,"小游戏","","","b9fea9a8-6802-46d1-9e5f-47db85f7970a","https://image-assets.m.nintendo.com/1c107da9-6945-47c3-8165-23bc0e8d6541"
120,"Panel Expert",5249,False,True,"小游戏","","","6836f020-295a-47c1-9736-ed036ce4789c","https://image-assets.m.nintendo.com/83f032a4-537e-4cc8-adf2-b06d3f2e916d"
121,"Watering Can-Do",4623,False,True,"小游戏","","","268a0739-2f5e-419d-b417-f9b1baa15632","https://image-assets.m.nintendo.com/5255999d-cd53-4aef-ad37-9b3699a75eb0"
122,"Crossing Guard",8907,False,True,"小游戏","","","0a7c0c68-537b-4847-a940-201567a2be80","https://image-assets.m.nintendo.com/3b7b9412-23d9-48c1-a6e5-b6b8e4286c00"
123,"Thorny Path",9093,False,True,"小游戏","","","023d00e6-7c50-414f-b352-f3569a058cce","https://image-assets.m.nintendo.com/0540caf4-80df-4b88-8981-e2631aee86fa"
124,"This Side Up",5474,False,True,"小游戏","","","fcdf5185-2fa1-4709-80e9-23ce57c408e9","https://image-assets.m.nintendo.com/b37ab93b-b9e7-4d31-8f5e-820b3939cdf9"
125,"Microgame Fail (Ashley & Red)",3439,False,True,"艾希莉＆小红魔","","","84d987ef-3aeb-4f82-9cc0-9703ca05bf95","https://image-assets.m.nintendo.com/c54a7a6a-2e45-45ba-b619-f6314277dc99"
126,"Take a Stab",4828,False,True,"小游戏","","","28cbc473-ac82-4ef6-9e97-704416286e79","https://image-assets.m.nintendo.com/7099cee5-244f-41f6-b8f0-126d1f659c0c"
127,"Lock Hands",5921,False,True,"小游戏","","","d3d2b732-f50d-4619-97a7-61b18dc4bc62","https://image-assets.m.nintendo.com/9b789f1c-7fc7-4de5-ad07-bdb5aa0960c6"
128,"Squeaky-Clean",9095,False,True,"小游戏","","","f49a8753-ae52-48d7-abe1-0f37207838ba","https://image-assets.m.nintendo.com/e6b3ae0a-04fe-4f52-88a8-13448400ddfc"
129,"Presents of Mine",8969,False,True,"小游戏","","","c08c90d5-711f-4344-881d-d745540bdb7b","https://image-assets.m.nintendo.com/689a0f77-9720-4400-9849-44b97c341329"
130,"Spear Me",9717,False,True,"小游戏","","","160b87f7-9c10-4468-847d-34fdd5c207b9","https://image-assets.m.nintendo.com/fee722c6-fbc2-4271-af57-a407499624f1"
131,"Gas Guzzler",5127,False,True,"小游戏","","","5e722507-d664-4a1f-b93f-f2575e7d3f24","https://image-assets.m.nintendo.com/a19efe97-c381-45e5-9e39-94341eb50912"
132,"Caught in the Act",4841,False,True,"小游戏","","","204e9711-8505-470f-ad8b-21d90e81f515","https://image-assets.m.nintendo.com/359a857c-32b9-4daf-876b-366ccb5c6ae2"
133,"Boss Stage (Ashley & Red)",5311,False,True,"艾希莉＆小红魔","","","73050c72-25d9-4ad1-bbdb-d096acc28f1a","https://image-assets.m.nintendo.com/e618fcf8-1c7a-4520-b649-761ab504dea5"
134,"Flight of Icarus (Boss)",130683,True,True,"小游戏","","","02cee94c-f740-4f04-9477-f38d495a0223","https://image-assets.m.nintendo.com/e0ae0f13-20e6-48c5-8641-1ae261a90f2e"
135,"Flight of Icarus (Boss): Fail",2360,False,True,"","","","fdf1bb16-b937-4ff1-a731-0d5ad8d6fa4d","https://image-assets.m.nintendo.com/0b1d8511-d3d5-4c53-a28e-72df7e166cf6"
136,"Flight of Icarus (Boss): Success",7615,False,True,"","","","045e8e9a-9857-454a-8098-493d18260116","https://image-assets.m.nintendo.com/d35c5b09-e2ea-40cd-b843-8f3de6f2d8c1"
137,"Stage Clear (Ashley & Red)",5220,False,True,"艾希莉＆小红魔","","","f5e25666-6108-4290-b423-8aa7de4c520a","https://image-assets.m.nintendo.com/bea9a821-7ad2-4031-9148-34cba03a6c26"
138,"Epilogue (Ashley & Red)",11835,False,True,"艾希莉＆小红魔","","","a451b952-580b-43c5-8e16-3ad38e4ecf1a","https://image-assets.m.nintendo.com/78f7d090-f8b6-44fa-841e-9257460c5aa5"
139,"Level Up! (Ashley & Red)",4683,False,True,"艾希莉＆小红魔","","","7fe59704-a57a-4978-8b43-62e6af966d87","https://image-assets.m.nintendo.com/7d9ba818-bbd2-4c27-a23c-8bff4a47855f"
140,"Game Over (Ashley & Red)",3935,False,False,"艾希莉＆小红魔","","","893a2c8a-747b-415a-96f4-9b2f467428d1","https://image-assets.m.nintendo.com/e2551d6d-a76f-491c-8122-52413bb54c9a"
141,"Results (Ashley & Red)",51396,True,True,"艾希莉＆小红魔","","","dac6b06b-8135-4a61-b685-5ab0343072ca","https://image-assets.m.nintendo.com/76a9266e-f37a-4825-abfc-b6fc390e2be0"
142,"Prologue (Orbulon)",50319,False,True,"奥布伦","","","9a166860-146e-491b-87b9-2b65a676d070","https://image-assets.m.nintendo.com/f822ee19-c71a-4dae-9f44-a45edae6c648"
143,"Stage Intro (Orbulon)",3005,False,True,"奥布伦","","","1af03259-4640-4fab-bc26-93b98da50b28","https://image-assets.m.nintendo.com/f11cd060-c04e-483d-a3a1-b50d3aef3325"
144,"Lowball Glass",6550,False,True,"小游戏","","","5e3feb90-16f9-420d-917f-e48c823cf8d9","https://image-assets.m.nintendo.com/d7f3e659-7879-4437-9adc-c87b500e7fa1"
145,"Microgame Success (Orbulon)",3123,False,True,"奥布伦","","","6fa8fabe-a93f-4a88-9cb7-7ce5e33c43f6","https://image-assets.m.nintendo.com/5930dbd1-15eb-4fa6-bdb1-c72d6a35f80d"
146,"Microgame Intro (Orbulon)",4954,False,True,"奥布伦","","","9eaa48ab-c4ed-462e-be2a-8bfca5e4c72e","https://image-assets.m.nintendo.com/b8a10bd8-d402-4fc3-8f3a-cfc632ff4a39"
147,"The Stalwart Shield",5415,False,True,"小游戏","","","2c776184-ac6c-4da3-ab04-bded0df29551","https://image-assets.m.nintendo.com/84dc0ed9-e35d-4b29-a137-ec3f7915a308"
148,"Ba-KAW Rap (Japanese)",8794,False,True,"","","","f5f22391-ab3c-47ae-9d6c-8512165cebf3","https://image-assets.m.nintendo.com/772ec9a4-caf1-4321-a52c-596d6658dc30"
149,"Ba-KAW Rap (German)",8335,False,True,"","","","934455c5-f135-481f-bfd3-5d6c4f2eb104","https://image-assets.m.nintendo.com/dbf4a0c3-b210-4dde-9f43-d773e037f739"
150,"Ba-KAW Rap (English)",8959,False,True,"","","","c4e5edb2-b695-4784-849c-733b538fb787","https://image-assets.m.nintendo.com/10ef073c-cf0c-40b5-aa2f-32ce96022685"
151,"Ba-KAW Rap (European Spanish)",8460,False,True,"","","","bd32acdf-8b0d-4543-9552-2a3fdb26b72f","https://image-assets.m.nintendo.com/41fd69fb-351b-4d0b-b36a-ada38269ac25"
152,"Ba-KAW Rap (Latin American Spanish)",8460,False,True,"","","","8395e643-e4f8-48a0-93db-a08d69156980","https://image-assets.m.nintendo.com/e2ef7888-d473-49ef-aabc-9457a00b11b0"
153,"Ba-KAW Rap (French)",8335,False,True,"","","","cd87c039-b2b8-48db-bc7b-b349bef500cc","https://image-assets.m.nintendo.com/016dd4cc-97cc-4d3f-a1b2-f22333bb0d15"
154,"Ba-KAW Rap (Italian)",8085,False,True,"","","","975baaf5-0235-40a0-a3e1-bea254520b8b","https://image-assets.m.nintendo.com/5b2b29b4-eab9-46af-bc87-6a2833b4a84d"
155,"Ba-KAW Rap (Korean)",8913,False,True,"","","","e3e5d2e7-f0d1-4b6a-8f8d-b38c495184cc","https://image-assets.m.nintendo.com/d653fa8a-a4db-4c90-93cc-b6bc4235460e"
156,"Ba-KAW Rap (Dutch)",6574,False,True,"","","","2f59dd7c-54f4-439d-a7e5-a56b9c806976","https://image-assets.m.nintendo.com/8a792305-6121-4d03-bbca-cb36114bca25"
157,"Ba-KAW Rap (Simplified Chinese)",8960,False,True,"","","","18cb5962-7843-4931-985b-39543d6c29ef","https://image-assets.m.nintendo.com/21c6fe61-8500-47f0-b05b-c9f37bfe49bb"
158,"Ba-KAW Rap (Traditional Chinese)",9085,False,True,"","","","7538df30-137c-49db-ae79-7fca3dadac48","https://image-assets.m.nintendo.com/5de79284-9a55-4b88-9249-29c11a91af89"
159,"Fair-Weather Friend",4717,False,True,"小游戏","","","3c564115-f983-4bc5-ab89-382664cf4d22","https://image-assets.m.nintendo.com/99c97c35-c6f5-4cf3-b686-2910cfacb514"
160,"Pull-Up",5400,False,True,"小游戏","","","ba2a0727-87b7-475b-bdbc-7c17d1e504a2","https://image-assets.m.nintendo.com/d4cd8f5e-8012-467b-b330-d3bb960d07e2"
161,"Witch's Brew",5028,False,True,"小游戏","","","31ba656b-b62e-44d5-9e0c-f1e16b5158b2","https://image-assets.m.nintendo.com/8a0e542d-f5de-4876-a929-02205e5db4ee"
162,"Hold It Together",4934,False,True,"小游戏","","","2219037f-0c28-4dab-82ee-e9194281fc7a","https://image-assets.m.nintendo.com/c6b7617e-7d77-494c-9505-3bf4a6d013b6"
163,"Speed Up! (Orbulon)",4758,False,True,"奥布伦","","","a0c3d2ee-34ab-49a5-be49-c3bee2d83ca1","https://image-assets.m.nintendo.com/b3214dfa-9531-4405-b5d5-6369e22ad484"
164,"Hungry Boy",4791,False,True,"小游戏","","","abb44688-ac75-442d-ad7e-da0d793b882d","https://image-assets.m.nintendo.com/af7a6ad8-dd41-489d-9cb4-25ad56ad590c"
165,"Trick or Treat",5152,False,True,"小游戏","","","2762f089-673b-46a4-8e94-eeaa5b4d6dc4","https://image-assets.m.nintendo.com/8bb027cb-abcb-46e5-bece-8acd9cce044d"
166,"Mountain Man",5156,False,True,"小游戏","","","b8127849-81b6-4324-998c-235d8d42d8d7","https://image-assets.m.nintendo.com/5a4f7fb9-0866-42d8-9cf2-98b03a7f3921"
167,"Bangs for Nothing",5177,False,True,"小游戏","","","97b8017e-ceda-4dec-ae7b-3c1bdbef15a0","https://image-assets.m.nintendo.com/a1db349a-6238-4b60-b5c8-4d392f237153"
168,"Handful of Sugar",5352,False,True,"小游戏","","","8cdeaef7-52f5-41eb-a3a5-880bd8833514","https://image-assets.m.nintendo.com/1eeb6cb6-0349-40cc-b370-214465de5746"
169,"Feeling Peckish",4313,False,True,"小游戏","","","0ab04a0b-1e44-4608-b2b3-b32317d7eace","https://image-assets.m.nintendo.com/1cd717fc-2bcd-4924-8a71-27f33b26de8e"
170,"Catch and Release",6113,False,True,"小游戏","","","d8d65677-7dfa-45dd-800d-e720ca58e54b","https://image-assets.m.nintendo.com/2070ea1d-1448-4c4f-ba9c-c2be64d98c54"
171,"Microgame Fail (Orbulon)",3142,False,True,"奥布伦","","","b2270b97-863e-45aa-b5a6-a76c09b81de1","https://image-assets.m.nintendo.com/a4dfd484-da82-480e-95da-4b4628c028ad"
172,"Teeter Trays",5094,False,True,"小游戏","","","1d8fae49-f11b-467a-b392-7d8d10cd3a1f","https://image-assets.m.nintendo.com/9b752164-01d0-46f2-9bd0-68f0865c038a"
173,"Unchained",6218,False,True,"小游戏","","","fb5f4c1c-d3eb-4014-b8f1-a6f317f9c80b","https://image-assets.m.nintendo.com/ef16a587-4179-415b-b0be-1552283b686a"
174,"Cormorant Catch",8998,False,True,"小游戏","","","982b1e45-2955-40af-8282-25baab7eddb3","https://image-assets.m.nintendo.com/7d57e25d-19c0-4948-a3e2-e466dc3b63c2"
175,"Speed Bag",5897,False,True,"小游戏","","","d19f249e-40f6-47cc-a923-b04c73eac38c","https://image-assets.m.nintendo.com/eb2ee93c-78db-48fa-9b71-796ea395701b"
176,"Sleight of Hand",5223,False,True,"小游戏","","","8f945961-d8ea-4eb0-9bbb-99300db7d181","https://image-assets.m.nintendo.com/74c68b85-5c27-4b4f-9a8c-f34c9c066709"
177,"Shoo, Fly",5084,False,True,"小游戏","","","1b5b7bbc-51d9-499c-9919-e71aaaec12eb","https://image-assets.m.nintendo.com/e3be6a77-c64c-4416-bb36-111c453dc949"
178,"Toy Handout",9140,False,True,"小游戏","","","a1cad087-436e-4daf-8598-a886048fdf04","https://image-assets.m.nintendo.com/7493014f-e595-4bde-91a1-6498be907c5a"
179,"Boss Stage (Orbulon)",5216,False,True,"奥布伦","","","98d27e68-9307-4f04-aca5-511a4d9569ba","https://image-assets.m.nintendo.com/adf9aa75-d5b8-4fab-a9d1-d2b642f88d41"
180,"Muscle Road (Boss): Phase 1",124485,True,True,"小游戏","","","149d073c-3be8-4fd8-a525-aba2e49e963f","https://image-assets.m.nintendo.com/15c9cd59-a9af-4ccb-91d0-092ec30b4ac8"
181,"Muscle Road (Boss): Phase 1 Fail",5789,False,True,"","","","0cf4465a-617b-446d-8d0e-f6d4441adf7c","https://image-assets.m.nintendo.com/7c218001-eb30-4043-8dc7-37652fe698e4"
182,"Muscle Road (Boss): Phase 2",107954,True,True,"小游戏","","","f6ef4dfb-6827-4c83-89a4-acf3cc1c8cbc","https://image-assets.m.nintendo.com/a9ea17a1-1414-4587-be58-898af3ac0ad3"
183,"Muscle Road (Boss): Phase 2 Fail",6734,False,True,"","","","49696cc8-3a1c-4bf1-8f65-326189505c24","https://image-assets.m.nintendo.com/43c7034b-0d79-4a82-9ccc-69d1adbe338b"
184,"Muscle Road (Boss): Phase 2 Success",8795,False,True,"","","","95e6c7d7-9fdc-46af-8337-b5e8f86ec145","https://image-assets.m.nintendo.com/51a23225-5c22-4718-847b-b5c9fd4feda3"
185,"Stage Clear (Orbulon)",4737,False,True,"奥布伦","","","183a38cd-3565-4599-946c-75e741edcd8f","https://image-assets.m.nintendo.com/bd26422d-0d49-4638-b11a-0523ea3b723c"
186,"Epilogue (Orbulon)",8178,False,True,"奥布伦","","","dfeda190-5f62-41dd-81de-9f736b127c21","https://image-assets.m.nintendo.com/0a9cb896-1b66-4e16-803f-e919a6b976f5"
187,"Level Up! (Orbulon)",5118,False,True,"奥布伦","","","fd210fab-efe4-45fc-9f64-0d920bdd40b3","https://image-assets.m.nintendo.com/32b8af29-1d3f-4c3d-87fb-bff389b381a8"
188,"Game Over (Orbulon)",3524,False,False,"奥布伦","","","1ccebd0a-6dfc-4afa-bae3-d1c3553d8fb3","https://image-assets.m.nintendo.com/8c7ab357-5eb8-425a-9d74-ed1a0f9c9f55"
189,"Results (Orbulon)",58376,True,True,"奥布伦","","","7e61d2db-a3bd-4651-926b-b436c26e3130","https://image-assets.m.nintendo.com/4e463e39-624f-4ef1-bce9-8628e9c118ce"
190,"Remix 1: Prologue",55943,False,True,"","","","60a18393-17c4-4caa-9a39-f956dc5ca672","https://image-assets.m.nintendo.com/8a98fc5f-4151-4d19-b8fc-ae3412a550b2"
191,"Remix 1: Stage Intro",3626,False,True,"","","","8b89983c-b758-4627-b27f-bba2daad6530","https://image-assets.m.nintendo.com/0a6c9676-92ee-4f24-9908-a1f6942ec95e"
192,"Remix 1: Microgame Success",3535,False,True,"","","","aaaf4dbd-c2c0-4da6-a6ad-12a444e78a6f","https://image-assets.m.nintendo.com/dffdfef9-d4b5-44f0-ab48-f3351cd8dc05"
193,"Remix 1: Microgame Intro",5349,False,True,"","","","0c0c57ea-020c-4296-9d9e-84310d01f06a","https://image-assets.m.nintendo.com/316f30a1-c02e-4f30-9586-5e398e4514ae"
194,"Remix 1: Speed Up!",5295,False,True,"","","","7f2b21c8-5073-4e5d-85da-27da2337d889","https://image-assets.m.nintendo.com/c3a191ee-6070-48a0-9a88-c4e510bfd461"
195,"Remix 1: Microgame Fail",3569,False,True,"","","","6f900ba3-677e-4bed-85d1-85698e9f6203","https://image-assets.m.nintendo.com/90ebee6b-1135-4202-bc64-d3463f35903d"
196,"Remix 1: Boss Stage",5530,False,True,"","","","49063fa2-3ba9-42f2-9a91-17475545ffd8","https://image-assets.m.nintendo.com/23a88716-b23b-4560-b340-a9da512871bf"
197,"Remix 1: Stage Clear",5539,False,True,"","","","399b9abd-d1c9-497f-a0d7-5d8f1ff163ea","https://image-assets.m.nintendo.com/87c0f93c-535a-49e0-9cef-e4efdbbf0425"
198,"Remix 1: Epilogue",7787,False,True,"","","","1ab1b623-09c9-4dc1-a5ba-00e4028cfd21","https://image-assets.m.nintendo.com/f91990f5-3dcf-4d43-871a-422e05ba1fb8"
199,"Remix 1: Level Up!",5292,False,True,"","","","fd1852d1-f808-4274-a482-f4f1522f3d50","https://image-assets.m.nintendo.com/de90f98b-249e-4628-8ebe-baf71f5ac0d1"
200,"Remix 1: Game Over",4287,False,False,"","","","17e60013-51d7-4853-ae72-83600cca2b2d","https://image-assets.m.nintendo.com/4183256d-9fdc-4f83-918f-a4fd754b1ac7"
201,"Remix 1: Results",94461,True,True,"","","","e26ff6bf-6a7e-4423-9e40-7c4a86bb6b88","https://image-assets.m.nintendo.com/6d6e374e-5634-43b7-9820-b6d5dac792e8"
202,"Prologue (Kat & Ana)",38302,False,True,"卡特＆安娜","","","64cb52af-9a16-4689-8d43-0df8b661de7c","https://image-assets.m.nintendo.com/283a70b0-0aec-40d5-aba8-07e49f3217b5"
203,"Stage Intro (Kat & Ana)",3654,False,True,"卡特＆安娜","","","480b0f8f-a6cb-4506-9fd1-f52c18387bd3","https://image-assets.m.nintendo.com/0274773f-b4e3-40dd-bde1-4c8800fe9142"
204,"Rocky Road",9146,False,True,"小游戏","","","0140d925-a214-4e3d-b1e5-7cddc6a23547","https://image-assets.m.nintendo.com/69ad372a-a1e9-42cc-943c-8c36c0d8de3f"
205,"Microgame Success (Kat & Ana)",3305,False,True,"卡特＆安娜","","","c739342e-6309-4bd3-8a0d-3747ef029461","https://image-assets.m.nintendo.com/063523cf-ff53-4755-8209-4225d16fc5eb"
206,"Microgame Intro (Kat & Ana)",5278,False,True,"卡特＆安娜","","","cad83f46-657a-4528-9873-af601bc28ee8","https://image-assets.m.nintendo.com/66bff43d-712a-42ef-aeeb-61e21fd9c871"
207,"Shell Shine",5398,False,True,"小游戏","","","6d897942-00b1-45ef-98ed-74f7e3953ea8","https://image-assets.m.nintendo.com/9ef45562-6e3e-4ba9-ae0e-e3f8e79d6d43"
208,"Safe Snacker",9457,False,True,"小游戏","","","552bcb97-467a-4032-9a3e-7b199123f0b5","https://image-assets.m.nintendo.com/a04ca766-0c13-4307-b485-fb0472bc5baf"
209,"Wriggle Out",5299,False,True,"小游戏","","","a532a459-4ce6-4a0e-bcb8-4940f290be4f","https://image-assets.m.nintendo.com/995d1b24-e976-463b-94ce-6317e53d3327"
210,"Snake Smack",4954,False,True,"小游戏","","","7eeec08e-1ece-4f2a-9a41-bd23ddc3af9c","https://image-assets.m.nintendo.com/9e24e419-af18-4f0d-afa9-b8d7cc372d64"
211,"A Swing at Love",4805,False,True,"小游戏","","","e3aa58e6-b534-4175-80bf-9d72e8b1177f","https://image-assets.m.nintendo.com/0ca067f9-a2d9-46cc-9b5f-97158f589642"
212,"Speed Up! (Kat & Ana)",5199,False,True,"卡特＆安娜","","","e4348b9c-6e18-4817-9ac2-2b9720c3c801","https://image-assets.m.nintendo.com/c576e5eb-9b8b-42ce-a17b-e52ba8f62267"
213,"Obedience School",4727,False,True,"小游戏","","","7857362f-072f-496d-9cd1-c889e9faa057","https://image-assets.m.nintendo.com/a89fb636-7105-4970-8a25-5e1148071eb1"
214,"Cowboy Up",5187,False,True,"小游戏","","","60ea8b2c-d4da-44a6-9fd3-83a1a65e9494","https://image-assets.m.nintendo.com/62fb11f5-b4ec-47a2-9f38-51bd3af1aafd"
215,"Glove Bite",5209,False,True,"小游戏","","","eba0872e-ec62-4f5e-a218-8d96c02b79a4","https://image-assets.m.nintendo.com/cfbbf9a2-14a0-4978-b5d7-b9b2ae7044a1"
216,"Bomb Disposal",4816,False,True,"小游戏","","","a5b2ef41-933b-4bcb-84ee-d35751024f34","https://image-assets.m.nintendo.com/4b433ca4-f17f-4fd6-aeff-37d02a692751"
217,"Screwed Tight",4767,False,True,"小游戏","","","e9395184-bf9f-46ea-bdc5-1876e47020c3","https://image-assets.m.nintendo.com/e28e458d-180b-4971-b814-eec204d97f1e"
218,"Taxi! Taxi!",4879,False,True,"小游戏","","","64838193-0de5-4e51-b2b2-7bad02b53b3e","https://image-assets.m.nintendo.com/ec5d021e-c18d-460c-9c25-4b2825b09a06"
219,"Microgame Fail (Kat & Ana)",3449,False,True,"卡特＆安娜","","","2d7d9b9c-73bb-4873-9023-9d5b2226855f","https://image-assets.m.nintendo.com/99ab91e4-7d88-4a3f-b8e5-31b9e652a1f5"
220,"Great Cleave",10206,False,True,"小游戏","","","595d9ba6-f3df-43a4-9101-41f9923f3b59","https://image-assets.m.nintendo.com/f14309ac-cc1d-49bb-a972-9a1220cd4f2c"
221,"Put a Lid on It",4416,False,True,"小游戏","","","394b9ace-e986-4404-899d-ff45b5a7d3c5","https://image-assets.m.nintendo.com/70e4d75d-1655-4452-9c68-02d3aa9ae68a"
222,"Feeling Crumby",5748,False,True,"小游戏","","","a8b2b309-85d7-4557-808c-d1e163079a47","https://image-assets.m.nintendo.com/85cd225c-2f59-4b64-bb74-43905fae57e6"
223,"Cake Flower",11263,False,True,"小游戏","","","abe0badd-074a-4665-948a-1ed52b31254c","https://image-assets.m.nintendo.com/429a414b-18e2-4dfb-9d0f-8d1fd41e4581"
224,"Deep Focus",4662,False,True,"小游戏","","","83345fd7-d360-44e0-b976-49feac59c5dc","https://image-assets.m.nintendo.com/84037aca-ba4a-4934-8212-0dc29fb04b7c"
225,"Magical Form, Go!",10961,False,True,"小游戏","","","5e51a2d4-3e36-49bb-af58-5672452e4e9d","https://image-assets.m.nintendo.com/a04d2491-395e-4ab5-b942-7818c1daf117"
226,"Curling Champ",4924,False,True,"小游戏","","","55d7176c-ebd0-4369-8303-a943db03916e","https://image-assets.m.nintendo.com/045a7d7c-a72a-4a39-929e-78ace4f5b10c"
227,"Boss Stage (Kat & Ana)",5342,False,True,"卡特＆安娜","","","f4f1402d-c90e-47b4-9e6b-8f989af5454a","https://image-assets.m.nintendo.com/7321a62c-fbeb-471f-8fe2-a289190841cf"
228,"Uniform Distribution (Boss)",132367,True,True,"小游戏","","","79c1f751-afa5-43c6-9a44-e10bd4cfcc29","https://image-assets.m.nintendo.com/e03daa21-d732-4d4b-9dd4-fe04db03bb60"
229,"Uniform Distribution (Boss): Fail",3760,False,True,"","","","42187766-5263-4b5e-916f-a03a3b610f0c","https://image-assets.m.nintendo.com/07a2bb6a-947f-46cf-9388-7f9a95d3f2f7"
230,"Uniform Distribution (Boss): Success",5279,False,True,"","","","b6a13375-79d4-4ddc-a9a5-1949fff6d7c8","https://image-assets.m.nintendo.com/edbe190f-2a3f-4c3f-8135-aac5a3625b82"
231,"Stage Clear (Kat & Ana)",5374,False,True,"卡特＆安娜","","","609dab49-076a-467b-9a4d-3b5d2278e1b0","https://image-assets.m.nintendo.com/d06cad62-9079-4ffc-a2b5-76f9e2caf66e"
232,"Epilogue (Kat & Ana)",30211,False,True,"卡特＆安娜","","","76ab719b-040d-4a0b-9bfc-885f049ad10e","https://image-assets.m.nintendo.com/bd657ca8-210b-4cf2-b99d-3fdd5f80b336"
233,"Level Up! (Kat & Ana)",5412,False,True,"卡特＆安娜","","","558ce18b-6ece-4ac8-9f5f-c09c26ab4504","https://image-assets.m.nintendo.com/8a558c6f-15c8-421e-bce3-c1b85582676a"
234,"Game Over (Kat & Ana)",3294,False,False,"卡特＆安娜","","","e941b21e-15fd-45a1-bd8d-07a94819e843","https://image-assets.m.nintendo.com/aabc901e-9c9f-4afb-87e5-f253fe8f212c"
235,"Results (Kat & Ana)",92464,True,True,"卡特＆安娜","","","0cdae41d-d5cf-43d3-94fc-fce8356ed06e","https://image-assets.m.nintendo.com/fba9a6e3-cfc4-454e-b988-9230433156c4"
236,"Prologue (Cricket & Mantis)",70126,False,True,"库利凯特＆曼提斯","","","97d7af9f-a69d-43fe-b082-bead2058f3ab","https://image-assets.m.nintendo.com/a54dec26-df47-4737-9bec-bf8c8afd5220"
237,"Stage Intro (Cricket & Mantis)",3273,False,True,"库利凯特＆曼提斯","","","ae5a8d9e-5664-44ea-9932-9d64e0f8cd1a","https://image-assets.m.nintendo.com/1b472244-8bc7-45b3-afeb-45b74b68f0c8"
238,"Scroll with It",4887,False,True,"小游戏","","","baf3974f-9ce5-4b50-bbdc-4e8e4aad6f61","https://image-assets.m.nintendo.com/558d6dbb-561c-4e43-9740-b757790d442b"
239,"Microgame Success (Cricket & Mantis)",3285,False,True,"库利凯特＆曼提斯","","","5187d377-8e07-45d3-8337-95f4544f7759","https://image-assets.m.nintendo.com/d468a84d-05c8-4fd0-b4fd-19b40235ddfd"
240,"Microgame Intro (Cricket & Mantis)",5301,False,True,"库利凯特＆曼提斯","","","72a01ad0-2d25-4590-8a6a-2ad0a1c6d8c5","https://image-assets.m.nintendo.com/c625dfd7-43fe-4fde-8b0a-1aca710f5089"
241,"Hop for Home",5110,False,True,"小游戏","","","a6d909c6-3d49-4552-b167-18a1259b5f9e","https://image-assets.m.nintendo.com/750bdf40-de7f-4b86-81bb-8b488966a149"
242,"Lather Round",4539,False,True,"小游戏","","","a4c19e38-58b3-4c10-8225-800ffcd31132","https://image-assets.m.nintendo.com/68a10028-f0e0-4d79-9a9b-472364951fa1"
243,"Buttograph",4769,False,True,"小游戏","","","d9147602-d97b-45cf-8f8e-45591e49239a","https://image-assets.m.nintendo.com/04c49b97-2dfd-42ca-a5f6-d3a7c9c5ce16"
244,"Open Wide",9905,False,True,"小游戏","","","7e52e5a3-c33e-4835-8ac2-ea6bff672869","https://image-assets.m.nintendo.com/5906fa9a-e9ff-4896-b132-10f0c974cdcf"
245,"Sumo Says",8835,False,True,"小游戏","","","1bff0726-ff42-4c45-82af-2a2a01fdcf22","https://image-assets.m.nintendo.com/93fe5f2e-14fa-4621-befb-03fdaae0b787"
246,"Speed Up! (Cricket & Mantis)",6678,False,True,"库利凯特＆曼提斯","","","2036bfa2-eef2-4deb-8fd6-691faa8f4c4b","https://image-assets.m.nintendo.com/b3dac8ad-3f79-4a82-8692-f2c1876df1a0"
247,"Dinner Is Served",4789,False,True,"小游戏","","","9b8ea369-88be-4eb0-84c5-4ed3e43e909a","https://image-assets.m.nintendo.com/a26cdc97-1bdb-45ec-b6a9-8fdfd032426d"
248,"Catching Hands",4974,False,True,"小游戏","","","caccc6b1-ce3d-4cd2-a100-98024dee230c","https://image-assets.m.nintendo.com/1a10beea-5671-4fa2-a52c-36d616c9ba81"
249,"Shock Jockey",8963,False,True,"小游戏","","","3420e9a0-e44c-4713-bf15-b7134dcf5b5a","https://image-assets.m.nintendo.com/6effb2e2-eed9-4ad4-b363-48ff3a9679a7"
250,"Thigh Fishing",4455,False,True,"小游戏","","","b603cf85-90b9-4c22-9250-acadd8fd2266","https://image-assets.m.nintendo.com/4a6f68c8-1dc1-4026-8386-ff59c9f64dad"
251,"Power Struggle",5066,False,True,"小游戏","","","4fb4696e-76d0-478f-babc-b86d9794ec1e","https://image-assets.m.nintendo.com/aadb733b-df74-439b-be84-a8be9905200d"
252,"Water Hazards",9092,False,True,"小游戏","","","c9a61cdb-77d6-4df6-becd-ea4eb0f59899","https://image-assets.m.nintendo.com/c56c43cd-1dbe-4735-9eb7-411a6644f07e"
253,"More or Less",4789,False,True,"小游戏","","","6d5b0054-76bc-4a0c-89e8-571e14ed8db5","https://image-assets.m.nintendo.com/78d476fd-01a0-4376-b6ed-5b549442fa1a"
254,"Microgame Fail (Cricket & Mantis)",3366,False,True,"库利凯特＆曼提斯","","","3a577f34-725e-4b7f-8c21-23489daffa14","https://image-assets.m.nintendo.com/4c1565d4-c514-4b0b-94c5-f608d8a7588c"
255,"Suit Up",5760,False,True,"小游戏","","","d1d17655-a2aa-4110-bb70-2bcb979fdf71","https://image-assets.m.nintendo.com/872b9f59-d679-48c8-903a-63d36131a6f4"
256,"Press the Advantage",4805,False,True,"小游戏","","","c1f29b77-3fda-427e-91af-a1b0676d15e8","https://image-assets.m.nintendo.com/84c6964b-01f8-4c0f-a622-1050f64a7f09"
257,"Stamp Rally",5533,False,True,"小游戏","","","16bb03cb-84d0-40b9-8398-b51d0eeaed9d","https://image-assets.m.nintendo.com/54d92ec8-4de2-401e-9e66-29213e57ad92"
258,"Shear Madness",8743,False,True,"小游戏","","","d65991cd-fe43-42cd-8797-44b94f4a72b6","https://image-assets.m.nintendo.com/97ac4cbc-d95e-4832-b092-57d4d8463af5"
259,"The Big Moment",8850,False,True,"小游戏","","","182fae7d-fdee-4a01-8b3d-666309160dc8","https://image-assets.m.nintendo.com/7912462e-4f09-4068-838b-9ab93017cab4"
260,"Tap Routine: Level 1",8749,False,True,"小游戏","","","a4dec496-0dea-46a8-9351-f6e55913b65b","https://image-assets.m.nintendo.com/f18ce180-b534-446e-87ca-ce97fb5a399a"
261,"Tap Routine: Level 2",8778,False,True,"小游戏","","","21d7e1f6-5e6e-450b-bf8a-31e7d081f946","https://image-assets.m.nintendo.com/36d84a28-f56c-46f3-b70f-a105033678ae"
262,"Tap Routine: Level 3",8709,False,True,"小游戏","","","27dedd5d-89ac-4a6d-95a0-21ae724d42d7","https://image-assets.m.nintendo.com/092fbd80-7d71-49c1-aaa5-107d37a0e642"
263,"Having a Ball",8747,False,True,"小游戏","","","a3cd2a6b-64c4-4e47-a015-ad4559a8abc8","https://image-assets.m.nintendo.com/77abe4f1-4f45-4541-acf4-735cdfdde7a3"
264,"Boss Stage (Cricket & Mantis)",5383,False,True,"库利凯特＆曼提斯","","","35562efa-9c2d-4ea2-857a-2d1f41dff16e","https://image-assets.m.nintendo.com/a76bc698-5183-484f-bc98-6e765e67b3f8"
265,"Cut of the Profit (Boss)",91996,True,True,"小游戏","","","05d51b41-f603-4f4f-a151-a1fe86bb5bed","https://image-assets.m.nintendo.com/5be436df-8424-49b3-97fe-e2f78ec5a423"
266,"Cut of the Profit (Boss): The Last Door",87410,True,True,"小游戏","","","9f77a436-1ef3-43e1-886d-10bc5f84d9a7","https://image-assets.m.nintendo.com/c4ec2c17-7197-432e-98dc-37918d49c61f"
267,"Cut of the Profit (Boss): Countdown",14293,False,True,"小游戏","","","c49120b7-d2b1-42bb-a77a-ba4b814b61ef","https://image-assets.m.nintendo.com/cdd207f8-023d-4ff3-8fe6-39b9cb392833"
268,"Cut of the Profit (Boss): Success",3363,False,True,"","","","72e5ff7e-07d2-4d66-bf0b-05bfc6824a05","https://image-assets.m.nintendo.com/b31d37a4-186b-451f-b9d9-c73bae671ee6"
269,"Stage Clear (Cricket & Mantis)",6106,False,True,"库利凯特＆曼提斯","","","fdb9154f-b4e6-451d-9a58-b58a09e83678","https://image-assets.m.nintendo.com/0c6b534a-b3da-433b-9bdf-bfb186626d66"
270,"Epilogue (Cricket & Mantis)",27259,False,True,"库利凯特＆曼提斯","","","53c93afa-bac5-4dc7-ae43-170faf8d0229","https://image-assets.m.nintendo.com/6d146c4f-9105-414e-8db0-79b399e79753"
271,"Level Up! (Cricket & Mantis)",6240,False,True,"库利凯特＆曼提斯","","","a1fbc507-8028-464a-a8f1-efc5595de8b7","https://image-assets.m.nintendo.com/77a2173a-43fb-4b35-bca8-ff4c7bdece9b"
272,"Game Over (Cricket & Mantis)",3687,False,False,"库利凯特＆曼提斯","","","b4a910e0-eb74-4a93-9a97-d59a0a9c56f5","https://image-assets.m.nintendo.com/6b7272e5-4652-420c-a620-ad7c87ec6a14"
273,"Results (Cricket & Mantis)",79550,True,True,"库利凯特＆曼提斯","","","7df52b4f-c995-46c1-843d-f2811daa1340","https://image-assets.m.nintendo.com/b568e674-e6fb-4b1e-b515-8a4f02a6658f"
274,"Prologue (Jimmy T)",30609,False,True,"吉米T.","","","cadca9e1-4246-4e57-8799-07fd663c8f79","https://image-assets.m.nintendo.com/4e093623-1e23-40e4-ae53-e9149a2f87b2"
275,"Stage Intro (Jimmy T)",3258,False,True,"吉米T.","","","38150cac-7aff-4a5a-9e7d-0421c035cf03","https://image-assets.m.nintendo.com/c078f228-1124-4149-9722-8a4bb5563f7a"
276,"Sink the Shot",4943,False,True,"小游戏","","","59a1af1f-a59d-4804-9b86-2889fd27a230","https://image-assets.m.nintendo.com/81412906-11a1-4457-8adb-3ed039db030a"
277,"Microgame Success (Jimmy T)",3247,False,True,"吉米T.","","","3bb2cdea-aa6e-489b-b7fb-cb597a116857","https://image-assets.m.nintendo.com/f12519d0-8093-476b-8137-9856e08f7b6c"
278,"Microgame Intro (Jimmy T)",5070,False,True,"吉米T.","","","89008e39-ce65-4a3a-915c-9dec2cf02c43","https://image-assets.m.nintendo.com/e0d81b96-fad9-4e9c-834d-c963b140a193"
279,"When Our Eyes Meet",5894,False,True,"小游戏","","","9c1299c2-8393-41c3-b124-a83e90f30f2e","https://image-assets.m.nintendo.com/a07383cf-89d3-4ead-9c57-c9f1cb623f96"
280,"You Dropped This?",9133,False,True,"小游戏","","","eb8061ad-2887-4aed-afab-3774848a7754","https://image-assets.m.nintendo.com/6a8909d0-10e1-4fd7-a8e3-587117b73622"
281,"Service with a Smile",5635,False,True,"小游戏","","","ffb604c7-9b73-4e05-ba31-699e27a7a7b6","https://image-assets.m.nintendo.com/64be93b2-cfb4-41c2-9128-c0a655c577ac"
282,"Easy Breezy",5027,False,True,"小游戏","","","367c899a-3c2c-4744-9f96-2d1b06ea123b","https://image-assets.m.nintendo.com/ab911908-1ebf-4cbc-86af-0ae2b44924d6"
283,"Memory Match",9038,False,True,"小游戏","","","9abd9a4c-cf07-4a73-9828-f9f398749248","https://image-assets.m.nintendo.com/976550d3-b050-49e3-a1f8-74b073d1ace9"
284,"Speed Up! (Jimmy T)",5175,False,True,"吉米T.","","","a572a079-1e4c-4fe6-ae67-47f9bf617956","https://image-assets.m.nintendo.com/901a243e-46bc-4549-a185-1d1fd059d237"
285,"Falconer",4948,False,True,"小游戏","","","aad6bd31-e9f8-450a-a36e-590b22425a66","https://image-assets.m.nintendo.com/f900bd73-498d-453d-86a1-255048b0c53d"
286,"Spirit Sense",5475,False,True,"小游戏","","","c3fcd1e0-8000-4132-b839-30055a78b224","https://image-assets.m.nintendo.com/0f227fae-b91d-4e88-b03e-4eea5829cacc"
287,"Bed or Breakfast",4655,False,True,"小游戏","","","62768028-590f-4203-9f2e-01592c25d4d1","https://image-assets.m.nintendo.com/d5544a4d-ffe8-4b25-ac57-83f574766f2e"
288,"Ballroom Dancing",10111,False,True,"小游戏","","","bb2eb121-435a-4bb4-8164-1656d5ea3e8e","https://image-assets.m.nintendo.com/3fc544aa-4dc1-4032-bc64-780a907d184c"
289,"Cutout Cutups",4779,False,True,"小游戏","","","97f6b1d1-c882-4c45-b538-c3e191050daf","https://image-assets.m.nintendo.com/a17a0158-8f0b-4e52-b306-9d666ffc31b9"
290,"Reel It In",5229,False,True,"小游戏","","","e36b61e5-3883-4a65-9717-a1c07fc683b1","https://image-assets.m.nintendo.com/b3bac3d9-2e65-4b1a-a0e1-e2e61701eb73"
291,"Chow Down",4661,False,True,"小游戏","","","2bd28936-940e-49ea-a15c-a772fa89b3fd","https://image-assets.m.nintendo.com/bcad5fba-3f47-4c01-a2a1-4e556ae4c0e8"
292,"Microgame Fail (Jimmy T)",3152,False,True,"吉米T.","","","a997d2b3-c60d-48d0-a7a8-72f4c195d0e6","https://image-assets.m.nintendo.com/9b9f0d02-3f9f-4973-a4e9-0da01b1621f0"
293,"Escape Artist",4973,False,True,"小游戏","","","29d6eaec-10a7-4b6a-93fa-bdf7cee224c0","https://image-assets.m.nintendo.com/0f3d90d3-5492-4891-8fac-3e08761da8a1"
294,"Finishing Blow",4582,False,True,"小游戏","","","e5bfb525-aa89-45bb-80f5-212014ab0549","https://image-assets.m.nintendo.com/4b1ecdaf-56bc-4c48-ae90-d6fe126365a8"
295,"Blowing Kisses",5264,False,True,"小游戏","","","5202e825-4601-4588-949f-b09a0ca1d863","https://image-assets.m.nintendo.com/06dfcf84-e080-4f56-85cd-3945dcda34cd"
296,"Oscilloscope",8875,False,True,"小游戏","","","6e2f05a8-a048-4fd5-bf27-dbe096ed3913","https://image-assets.m.nintendo.com/48250224-a854-4ccf-b314-e78de70858f1"
297,"Don't Get Spotted",10041,False,True,"小游戏","","","a5ef45ba-8287-44a0-80d9-8bbaa93b9406","https://image-assets.m.nintendo.com/5bf293aa-ab73-47ec-8a53-8af7cce6aca9"
298,"Sound Decision",9006,False,True,"小游戏","","","2045fb2b-1146-40ca-8b15-058ae50db407","https://image-assets.m.nintendo.com/110d3a6e-7cb5-4f4c-a099-59fdefc6d133"
299,"Selfie Slick",4667,False,True,"小游戏","","","1433e9b7-8052-4fb3-bc19-5af4c7b3cbd7","https://image-assets.m.nintendo.com/3c6f6729-69ce-4e02-aab4-d80b153f4b2f"
300,"Boss Stage (Jimmy T)",5050,False,True,"吉米T.","","","884d2e92-f938-4c36-a2d4-599625dddd7d","https://image-assets.m.nintendo.com/3fb0c037-62f8-491c-8629-dbd305c00bb4"
301,"Griddlebot (Boss)",159365,True,True,"小游戏","","","7f8d86a7-305b-4b69-ab2f-c1e05b0e0d61","https://image-assets.m.nintendo.com/2efaab74-8778-4c9b-9733-181483be66e3"
302,"Griddlebot (Boss): Fail",49321,True,True,"","","","08d04012-fe24-41fa-91f4-0c33f0f57fe0","https://image-assets.m.nintendo.com/1ae475b1-12a8-4691-af16-d8e6d046a820"
303,"Griddlebot (Boss): Success",49565,True,True,"","","","efc6a736-3fe5-46f9-8e4b-93a777ca799f","https://image-assets.m.nintendo.com/ed0bc7b1-0e77-4ed6-b3db-31f86f91e8a8"
304,"Stage Clear (Jimmy T)",4935,False,True,"吉米T.","","","0454b53d-a488-4637-9ebf-0807bc59e7c3","https://image-assets.m.nintendo.com/3cf52e35-7673-4ef7-8801-e774166d6009"
305,"Level Up! (Jimmy T)",5113,False,True,"吉米T.","","","d41f6d57-cef8-48b0-b63c-ad934f070163","https://image-assets.m.nintendo.com/f8711155-0183-440f-888e-e1ddb85e3908"
306,"Game Over (Jimmy T)",3637,False,False,"吉米T.","","","c7ebcf1b-4917-4701-8586-6539a2f6b870","https://image-assets.m.nintendo.com/05b9504d-ac41-4568-b0db-cd0ce173cb09"
307,"Results (Jimmy T)",60770,True,True,"吉米T.","","","a708ae78-943c-4714-81fe-b5dd42dc6719","https://image-assets.m.nintendo.com/36e38310-b717-491b-b9d6-6d5a21bdc784"
308,"Prologue (Dribble & Spitz)",28491,False,True,"德利博＆斯皮茨","","","f1bbdbef-6268-4394-9efd-4494285bbac5","https://image-assets.m.nintendo.com/7f038000-4f64-4e2a-8e46-5a5cb391bdb2"
309,"Stage Intro (Dribble & Spitz)",3171,False,True,"德利博＆斯皮茨","","","6da75260-0c0b-4bca-b17d-487abbcf273a","https://image-assets.m.nintendo.com/381020c7-5d5c-44e4-8aa6-934f8780f189"
310,"Gotcha!",5664,False,True,"小游戏","","","87e0a06a-7832-4c7e-a453-38496c4e0d1c","https://image-assets.m.nintendo.com/d4193c2e-9624-4abe-a4c7-1b2ad446eeb5"
311,"Microgame Success (Dribble & Spitz)",3979,False,True,"德利博＆斯皮茨","","","0c17c8ed-8021-495e-94db-1285cf9e44cf","https://image-assets.m.nintendo.com/4025fc8e-e6f9-44ef-9f26-daded82058a2"
312,"Microgame Intro (Dribble & Spitz)",4975,False,True,"德利博＆斯皮茨","","","3f492055-ee6d-48bf-9d61-28205160b95c","https://image-assets.m.nintendo.com/1bedaaae-8fed-4d45-b26f-2accd9e029a4"
313,"Keeping Count",10210,False,True,"小游戏","","","9d482bd5-1bc3-4279-b0a2-2d96361d0fd3","https://image-assets.m.nintendo.com/fcbcf306-f416-4133-bcf8-aa708495e721"
314,"Cavity Grinder",9006,False,True,"小游戏","","","cd1c7d35-9de4-4e01-9c52-098dfebb9da3","https://image-assets.m.nintendo.com/503b120a-49c0-4494-ba7e-6e87a18d20fc"
315,"Plugging the Leaks",8967,False,True,"小游戏","","","6ba48ff6-626b-454b-9ca7-541361073781","https://image-assets.m.nintendo.com/78dc0704-b2ca-47d2-825e-8abf609984f4"
316,"Window Washer",9159,False,True,"小游戏","","","f6f0f1cc-a0cc-40c5-8859-5d87e050b396","https://image-assets.m.nintendo.com/716daa56-b173-46c5-95c6-1734dffe88f5"
317,"The Write Way",5071,False,True,"小游戏","","","7dd11774-79de-43ce-b590-8514b03e0f51","https://image-assets.m.nintendo.com/9c4d8d3b-ae2f-4051-a7fc-2c28856648a0"
318,"Speed Up! (Dribble & Spitz)",5016,False,True,"德利博＆斯皮茨","","","ed45edf1-5c76-4b01-87bc-6b6daf1a3282","https://image-assets.m.nintendo.com/b16488ca-7172-4840-bb2a-3dc35334dfce"
319,"Crane Catcher",8757,False,True,"小游戏","","","6da8193d-a8dc-49ab-bb0e-5c115bf45422","https://image-assets.m.nintendo.com/7cc5552f-40e5-401b-9d21-413fa15e8201"
320,"Air Guitarist",10876,False,True,"小游戏","","","f4265245-bf82-4583-9ce7-48fc25b10240","https://image-assets.m.nintendo.com/7e51b453-00b2-4dd0-ba26-a907155a851a"
321,"Blow It Up",9808,False,True,"小游戏","","","c66078d0-7c93-44b1-b67c-50e4de32391b","https://image-assets.m.nintendo.com/b2ef43a2-b1f5-49c7-9952-55ed77c8951a"
322,"Shower Defense",4897,False,True,"小游戏","","","c0ec8912-fb74-4218-8f2f-30b3dc417117","https://image-assets.m.nintendo.com/a53dee7d-2c05-4aa1-b81e-95f1b9b3762e"
323,"Pincer Attack",9233,False,True,"小游戏","","","a737c039-cf33-40cc-a92f-51a5fe7c184a","https://image-assets.m.nintendo.com/6ee2ca14-08e3-4b26-a6b4-094052159a83"
324,"Slime Science",4618,False,True,"小游戏","","","c235e191-fc6c-4e0f-85cc-6aa45edce1f2","https://image-assets.m.nintendo.com/bcf862a1-1df0-483a-9115-7a77fb548cc8"
325,"Microgame Fail (Dribble & Spitz)",3223,False,True,"德利博＆斯皮茨","","","2a5c6a5a-d0d2-458c-867b-b57daad07eb5","https://image-assets.m.nintendo.com/c18ebe97-be3b-43a8-a0d5-c4a0fd1dc32e"
326,"Take My Hand",9710,False,True,"小游戏","","","30e4eb6a-db0d-4bca-aae6-56a7ebfb9829","https://image-assets.m.nintendo.com/607695b6-cf70-4275-b886-e27fc3a64f1f"
327,"Apple Blaster",5156,False,True,"小游戏","","","4da08cfa-0be5-4d22-9f31-06c03ecd6142","https://image-assets.m.nintendo.com/db22e4ec-9049-444e-927e-84ff8fcedbbc"
328,"Just My Type",8680,False,True,"小游戏","","","9d569244-3705-4ef4-a9bc-24176517bb4f","https://image-assets.m.nintendo.com/ca6776fd-f533-4bbe-adfd-51863f3d0731"
329,"Hit the Brake",5206,False,True,"小游戏","","","be0986f7-a022-413d-ad44-a2096199972f","https://image-assets.m.nintendo.com/2f80da17-c67a-46d2-9411-bb460fdff6bb"
330,"Squeeze Play",4999,False,True,"小游戏","","","3b775bc5-2c34-49fc-bef6-d9e22f7f8c88","https://image-assets.m.nintendo.com/5ed7f08d-ef6a-4c6d-b260-7fdbee9ee289"
331,"Call of the Wild",4987,False,True,"小游戏","","","3ace8157-bf76-456d-8c0c-efe5299f7d13","https://image-assets.m.nintendo.com/2d01e489-22a0-4b2a-a22d-a2476abb70e6"
332,"Insecticide",9140,False,True,"小游戏","","","80367993-38e7-4daa-ab74-0290288b30ce","https://image-assets.m.nintendo.com/c388a3a9-47be-4de8-9ef2-31886ed8106e"
333,"Boss Stage (Dribble & Spitz)",5200,False,True,"德利博＆斯皮茨","","","80b56bf2-b972-4000-b55d-fdd978c361ef","https://image-assets.m.nintendo.com/4101a45a-dae8-45b3-9200-8449b837bce6"
334,"Rocket Punch (Boss)",81440,True,True,"小游戏","","","4db6f4a5-a25b-4cd3-9e89-bada6eeb8afe","https://image-assets.m.nintendo.com/5c186b35-00b7-41c6-b114-ab54adb3c504"
335,"Rocket Punch (Boss): Final",79938,True,True,"小游戏","","","6862f878-31f2-4718-8ad7-2097ab751872","https://image-assets.m.nintendo.com/948ae9d6-3e92-477d-a8fe-1bfa8d246c3b"
336,"Rocket Punch (Boss): Fail",2922,False,True,"","","","d327bb6a-63e6-4f70-9650-1899d63baa09","https://image-assets.m.nintendo.com/aa3c9f21-32d4-46ed-b0d1-7e6fb04258e1"
337,"Rocket Punch (Boss): Success",4253,False,True,"","Win!","","ff3be3bf-24bd-4d33-8e3e-b4dbdd63c459","https://image-assets.m.nintendo.com/45b54cb2-6305-47e0-8396-21b520483119"
338,"Stage Clear (Dribble & Spitz)",5082,False,True,"德利博＆斯皮茨","","","df51a298-c983-4a91-876a-6ed15e54059c","https://image-assets.m.nintendo.com/240eb7df-b74c-455d-9d73-0ff733ec0a89"
339,"Epilogue (Dribble & Spitz)",34938,False,True,"德利博＆斯皮茨","","","5bfebcbd-7e7a-447d-9dab-dcace81267c1","https://image-assets.m.nintendo.com/5540575c-9fb6-4236-aa29-d4d69739a3ba"
340,"Level Up! (Dribble & Spitz)",5035,False,True,"德利博＆斯皮茨","","","45304ce7-6acb-40d6-b86f-200d7688d0d4","https://image-assets.m.nintendo.com/96118208-5730-4ce9-9077-68155976b5d7"
341,"Game Over (Dribble & Spitz)",3344,False,False,"德利博＆斯皮茨","","","dad518ab-1d30-4bb4-b6f9-ecf58d38b714","https://image-assets.m.nintendo.com/6c9197af-92a6-48c7-ab78-b45f91010c83"
342,"Results (Dribble & Spitz)",86463,True,True,"德利博＆斯皮茨","","","6504b3d3-6b87-4ebb-bff6-c4220bc5aa06","https://image-assets.m.nintendo.com/d44df694-5a6b-44e0-bd25-436c0fd40d48"
343,"Stage Intro (9-Volt)",3941,False,True,"九伏特","","","9ca6137e-0dea-4412-8fc7-e0459825b8d9","https://image-assets.m.nintendo.com/cd3d004c-3ef6-46b2-a0b9-b3e61dd48b48"
344,"The Legend of Zelda: Ocarina of Time 3D",9336,False,True,"小游戏","","","30c5f6c6-c587-4941-888b-afa317a04321","https://image-assets.m.nintendo.com/474d3f2f-9033-4a2d-9f89-5634af0a6f55"
345,"Microgame Success (9-Volt)",3875,False,True,"九伏特","","","70b08603-eb09-4c78-b595-195e58867dfb","https://image-assets.m.nintendo.com/9c453395-2fb8-4734-ab77-9a5913350b2d"
346,"Microgame Intro (9-Volt)",5332,False,True,"九伏特","","","790892fd-c88c-4d68-8cd3-41a5de17b96b","https://image-assets.m.nintendo.com/c15f1587-3fb4-4ea2-9e42-a1194c8bcc5d"
347,"nintendogs + cats",4409,False,True,"小游戏","","","4df9ab12-7afa-4c55-baf7-174e0eaf5137","https://image-assets.m.nintendo.com/e6bbb05a-bba6-4639-9049-0758582c423c"
348,"Animal Crossing: New Horizons (1)",4609,False,True,"小游戏","","","93fd41cc-3f1d-456b-a0eb-bf51492631d7","https://image-assets.m.nintendo.com/e0542476-8a27-4edc-914d-bedb9d26ec67"
349,"Animal Crossing: New Horizons (2)",4898,False,True,"小游戏","","","79b62c0e-7964-4d8a-ab6d-6199628039ad","https://image-assets.m.nintendo.com/43406cdb-6996-47cd-ad3a-35e41301f88f"
350,"Pilotwings",9255,False,True,"小游戏","","","6e57cfb1-1aa6-4ba0-8b83-89a0af7f1324","https://image-assets.m.nintendo.com/414e05ae-d6bd-4cb9-9bac-4bae0a398813"
351,"Mario Pinball Land: Level 1",8058,False,True,"小游戏","","","3b2f4064-3d61-49da-b8f3-62c3f35d4951","https://image-assets.m.nintendo.com/52cceaee-7355-4aeb-8cac-83c5215288fd"
352,"Mario Pinball Land: Level 2",8740,False,True,"小游戏","","","76c7a275-c0ce-4ac4-8c2c-edd7b01056cf","https://image-assets.m.nintendo.com/7bdde039-3b5a-464c-a311-fb19e26df99f"
353,"Mario Pinball Land: Level 3",8241,False,True,"小游戏","","","46e354f7-bb54-4675-bc6a-796b3107c173","https://image-assets.m.nintendo.com/52d586e7-1bf5-4134-a1f9-73a43a8198c8"
354,"Ring Fit Adventure",9021,False,True,"小游戏","","","0db636ba-0561-4529-8ad3-2724bbff16eb","https://image-assets.m.nintendo.com/f816e396-9610-4a5f-bbea-15b3088711da"
355,"Speed Up! (9-Volt)",5272,False,True,"九伏特","","","c4ed0893-b332-4d2f-a601-c85bf4ffa8de","https://image-assets.m.nintendo.com/6bbadcc8-b418-43ec-9e30-ca8fec753741"
356,"Fire Emblem Engage",5373,False,True,"小游戏","","","b532b7c0-3787-4ea4-bf13-d15a2c07ca80","https://image-assets.m.nintendo.com/19f30c80-dff7-4155-864b-42fa25e1306d"
357,"WarioWare Series",5093,False,True,"小游戏","","","7a4c9071-fd6a-437f-840a-086e8e0eef97","https://image-assets.m.nintendo.com/f6920ae6-4ad3-492a-918c-e06221cb75c3"
358,"Super Mario World 2: Yoshi's Island",4217,False,True,"小游戏","","","74f4a76e-eaf5-4165-b992-1a7f16ff881f","https://image-assets.m.nintendo.com/1247943a-e6ca-49c8-9ce7-dee5acb51f12"
359,"Dr. Mario",8230,False,True,"小游戏","","","9bd3538b-6db4-4eea-954a-26a4c959efe7","https://image-assets.m.nintendo.com/55d4bd64-8b34-48ac-970b-fffe4fa1fc32"
360,"Paper Mario: The Origami King",5924,False,True,"小游戏","","","cd6603d0-f290-484e-b77c-ff04ebb1f97a","https://image-assets.m.nintendo.com/63c58d13-18e8-47f8-9949-7df4f1bbdd23"
361,"Super Mario Bros. 3: Level 1",4103,False,True,"小游戏","","","9759b714-ae7d-4c0c-8904-7f9e4d43fb7f","https://image-assets.m.nintendo.com/6fa0afc8-ee07-4ac2-a2c1-cb55688f92ad"
362,"Super Mario Bros. 3: Level 2",3818,False,True,"小游戏","","","e5578221-2259-41c7-8c31-a9e344c877a6","https://image-assets.m.nintendo.com/f5dc70ad-b234-40ed-811d-e073edd6479a"
363,"Super Mario Bros. 3: Level 3",4620,False,True,"小游戏","","","6d13902a-e3b8-41ce-a666-b127853375ff","https://image-assets.m.nintendo.com/6fad0cbe-059a-4d37-9e9c-ce4efb72cf30"
364,"Microgame Fail (9-Volt)",3286,False,True,"九伏特","","","60387cad-64fe-416c-9c16-26a345966e46","https://image-assets.m.nintendo.com/803fda29-f6b8-421a-9475-6594da94c498"
365,"Metroid Dread: Level 1",9032,False,True,"小游戏","","","20c3e472-1721-4a0e-9645-8ef7d45e07f2","https://image-assets.m.nintendo.com/286d2e39-bd99-47f5-9d66-5e4f0c4952fe"
366,"Metroid Dread: Level 2",9325,False,True,"小游戏","","","55c2ece8-e225-431e-a2e2-233301dd9367","https://image-assets.m.nintendo.com/ce6fae2d-330e-4e49-adf8-349a554df950"
367,"Metroid Dread: Level 3",9141,False,True,"小游戏","","","8eefb1ae-7207-448b-bc37-99fe775e0a14","https://image-assets.m.nintendo.com/f169c3b3-08ea-4925-a596-797da4b01a56"
368,"Pikmin 2: Level 1",5058,False,True,"小游戏","","","0ae2adb7-794a-440e-a655-e0e63b999cf2","https://image-assets.m.nintendo.com/5a615076-d7e3-4291-b26a-eb8d734a56ef"
369,"Pikmin 2: Level 2",4842,False,True,"小游戏","","","7eadeffc-0243-4c05-80c8-e38456b90b68","https://image-assets.m.nintendo.com/3b40c861-9088-4159-b26b-41064f6d204f"
370,"Pikmin 2: Level 3",4639,False,True,"小游戏","","","540ef70f-610a-48ef-99f7-2230cc17a225","https://image-assets.m.nintendo.com/8feac945-9aad-4d8b-b983-6d37b58bb531"
371,"Wii Play: Motion Pose Mii Plus",9163,False,True,"小游戏","","","d210773b-06b8-4be1-b60a-b6d619688632","https://image-assets.m.nintendo.com/500ed183-89b6-49cc-a65a-c5dfb1778ad0"
372,"Ultra Scope",8870,False,True,"小游戏","","","ee08800c-6fca-4935-9033-1fb56291f811","https://image-assets.m.nintendo.com/89d792e8-2ac6-49a6-987d-f7b5fd48c513"
373,"Donkey Kong Jr.",4875,False,True,"小游戏","","","190cf54d-a803-49a8-8769-eb1385c4ef0a","https://image-assets.m.nintendo.com/dc4bbf0b-0a2f-44f3-b275-b5ccdd85786a"
374,"Punch-Out!!",5206,False,True,"小游戏","","","90854e29-a689-4f13-b83f-1c03bfeed32b","https://image-assets.m.nintendo.com/3c8e4410-f905-4594-bff5-3829415f0d5a"
375,"Boss Stage (9-Volt)",5899,False,True,"九伏特","","","590ee6f8-0cf1-4367-abc3-ef903b79d70f","https://image-assets.m.nintendo.com/22245480-07ab-4db4-a433-9d4da81f4501"
376,"Super Mario 64 DS (Boss)",166750,True,True,"小游戏","","","e483992a-6b5f-43d6-a22c-55eb973b61d6","https://image-assets.m.nintendo.com/c614e87f-c31f-4f5b-88df-98886052a970"
377,"Super Mario 64 DS (Boss): Success",3808,False,True,"","","","a051da29-49f6-4ddb-ad04-dd0cc91100d6","https://image-assets.m.nintendo.com/f0f162c7-1a19-4ba2-b98f-e98f55d2ed9b"
378,"Stage Clear (9-Volt)",5738,False,True,"九伏特","","","b15b9ef7-6f74-4ba7-bcee-510e46e95a3f","https://image-assets.m.nintendo.com/5c2b7168-0776-4311-a69b-ddddc5b5771a"
379,"Epilogue (9-Volt)",12210,False,True,"九伏特","","","07425bbb-c4c9-484e-b29d-b561e0907ec2","https://image-assets.m.nintendo.com/a4ab4a0e-413f-47a6-b69c-e69d322ce836"
380,"Level Up! (9-Volt)",5026,False,True,"九伏特","","","c6da2fc1-dbe3-4fbb-8274-52cc537f03ab","https://image-assets.m.nintendo.com/d4f0fb05-b0e0-4fa9-88fc-7de9cc2c4eae"
381,"Game Over (9-Volt)",4221,False,False,"九伏特","","","ea643ade-a0b8-407b-85e3-c56cbcb90cf6","https://image-assets.m.nintendo.com/706e4206-039a-4398-bb87-ab473feebef1"
382,"Results (9-Volt)",67680,True,True,"九伏特","","","bab78f13-baae-480f-ac84-214fde1cb611","https://image-assets.m.nintendo.com/eb65c33a-972b-4f87-aa18-262c19cc85ed"
383,"Remix 2: Prologue",42973,False,True,"","","","a0789d1a-1653-4674-8394-7f6852b84bb8","https://image-assets.m.nintendo.com/0767254c-0adb-46b7-8415-34a656e70986"
384,"Remix 2: Stage Intro",2835,False,True,"","","","045f8585-41f6-4b98-b4d8-565ac15eed81","https://image-assets.m.nintendo.com/698a2e3c-ff9a-472f-a851-ee2858ce23db"
385,"Remix 2: Microgame Success",3182,False,True,"","","","62a3219a-21bd-414a-9347-443eb9e80ec8","https://image-assets.m.nintendo.com/fe9acd22-97b4-4185-b1d7-24cc7d9c9401"
386,"Remix 2: Microgame Intro",5260,False,True,"","","","5a4982cf-8690-414c-a934-3fd5d9a64093","https://image-assets.m.nintendo.com/e6e1a310-7deb-472a-94ec-f67d0bce4415"
387,"Remix 2: Speed Up!",5452,False,True,"","","","551dffc4-cd1d-470d-b8f1-7284182db80c","https://image-assets.m.nintendo.com/4c6c7286-fff9-4e43-9f31-ad6cddeb77e1"
388,"Remix 2: Microgame Fail",3390,False,True,"","","","d730e5d7-fabf-4850-8cc8-58a32c665649","https://image-assets.m.nintendo.com/ac48dcca-82dc-4fba-b262-e2dbc1dbf4e0"
389,"Remix 2: Boss Stage",5308,False,True,"","","","b7647f04-2c6a-49a7-9916-70ea6438e77d","https://image-assets.m.nintendo.com/fab8a4a3-a295-42e4-a971-df0ee4e3390b"
390,"Remix 2: Stage Clear",4856,False,True,"","","","e0ba2199-2a1d-427f-a277-2d640211e6ca","https://image-assets.m.nintendo.com/52dd0205-aa0e-45b9-936b-b8422a231c42"
391,"Remix 2: Epilogue",12919,False,True,"","","","67296e1d-161d-41f8-955a-a80e3adcb0df","https://image-assets.m.nintendo.com/d39c4c32-8dc0-40b4-a613-5023a0591016"
392,"Remix 2: Level Up!",6045,False,True,"","","","213cdf39-5c94-4f24-91f4-e936f7d406a6","https://image-assets.m.nintendo.com/dc7ddf26-b6aa-49dd-a238-fa1107520f99"
393,"Remix 2: Game Over",3584,False,False,"","","","5f4981a3-f187-41c7-95f3-b256c30e5c83","https://image-assets.m.nintendo.com/1d5b218e-34a7-40c6-a271-74a5c3f38286"
394,"Remix 2: Results",58352,True,True,"","","","65d85ad1-88bc-42e8-afc2-50dabda6e95a","https://image-assets.m.nintendo.com/e6f83d1a-a160-46ef-bf5b-0d8674b4f64a"
395,"Prologue (Volcano Wario)",57085,False,True,"瓦力欧","","","e8348626-f44e-461a-be62-d627fbc556c6","https://image-assets.m.nintendo.com/e95fc22c-5f2f-4ab9-9f3d-70f98a4741cc"
396,"Stage Intro (Volcano Wario)",2774,False,True,"瓦力欧","","","794330a3-c9ec-4c2d-937b-a0608a5222b3","https://image-assets.m.nintendo.com/80d8cac8-da8f-42f1-953d-b31d14b4f42f"
397,"Pair Pointer",8923,False,True,"小游戏","","","5b410f22-59d6-4e2b-bd7f-3884c50be1be","https://image-assets.m.nintendo.com/248c22e4-e7fa-42cc-b7bd-320b64c327ea"
398,"Microgame Success (Volcano Wario)",4298,False,True,"瓦力欧","","","63c38e85-6914-48fc-b8e1-b72f7cafdefc","https://image-assets.m.nintendo.com/6388b07a-fdd7-4426-af47-ce8592c44c30"
399,"Microgame Intro (Volcano Wario)",5580,False,True,"瓦力欧","","","36977f23-4350-44af-b213-1475bdb9bbe3","https://image-assets.m.nintendo.com/ef21836f-6464-4251-88f5-0c5d693a67e8"
400,"Laser Gazer",5181,False,True,"小游戏","","","a14578b5-5e2a-4bdf-ac7c-215d625a3947","https://image-assets.m.nintendo.com/010fd916-3612-4425-9ee0-c96b7bacf9d2"
401,"Puppet Patter",5028,False,True,"小游戏","","","8ad9c7cc-6cd4-4015-9365-1dcc12b479bf","https://image-assets.m.nintendo.com/79e0bcb9-e88c-40dd-bfcb-397bcb8a2179"
402,"Junction Jumble",8938,False,True,"小游戏","","","5439e9ff-29e8-4fc3-9464-b78cf597ea81","https://image-assets.m.nintendo.com/029e8f2f-8ceb-4692-927f-1b54f6badbb9"
403,"Rubber Stamp",9038,False,True,"小游戏","","","fd66777f-ea08-46de-8755-61d92e597fb8","https://image-assets.m.nintendo.com/d0add73d-7e33-4465-9eb2-cba550505ecd"
404,"Throw Down",4980,False,True,"小游戏","","","290e3759-6a2b-4620-9b5b-7065aaf93c21","https://image-assets.m.nintendo.com/ce1b3da8-37da-4bc4-9885-c6df978156c3"
405,"Dance Phase (Volcano Wario)",5162,False,True,"瓦力欧","","","aab52492-aa47-4fe9-b543-c4ab02b1f1d0","https://image-assets.m.nintendo.com/e4b60c14-429b-49e7-b960-8ec6eeb761a8"
406,"Dance Intro (Volcano Wario)",3727,False,True,"瓦力欧","","","0c03fcf5-21dc-4a83-91f2-e4383fb21810","https://image-assets.m.nintendo.com/04f290d0-472c-48db-859d-43f20eb2a5f6"
407,"Dance (Volcano Wario)",12152,False,True,"瓦力欧","","","8e8e1079-61bf-4dee-af96-52a73524fbd3","https://image-assets.m.nintendo.com/a394cfe7-b2f9-420e-a507-3ffc0690c704"
408,"Dance Success (Volcano Wario)",5299,False,True,"瓦力欧","","","55f0e035-6dd6-436c-ab5e-0034b8707ea2","https://image-assets.m.nintendo.com/92d89885-4051-4f5d-9716-472693f8bce2"
409,"Dance Fail (Volcano Wario)",5193,False,True,"瓦力欧","","","4ac7eaf8-0e3e-49b2-bb9f-b3b73e40dfd3","https://image-assets.m.nintendo.com/88decae1-6769-4692-b39d-6ed4be60cbc0"
410,"Speed Up! (Volcano Wario)",5504,False,True,"瓦力欧","","","6eb8596f-5897-465f-bfb4-1c58dafd1d90","https://image-assets.m.nintendo.com/49960c3c-049d-499e-ade7-2bb0be3b1f43"
411,"Plain Dealer",9204,False,True,"小游戏","","","3d28da34-5a81-4405-a473-a2cd4c3f9e08","https://image-assets.m.nintendo.com/c7ab6392-6ec2-4d9a-98f9-7c0bdabcc9da"
412,"Rock Paper Scissors",5588,False,True,"小游戏","","","4edf5479-08c1-4050-8c62-4e354face44c","https://image-assets.m.nintendo.com/1511569e-20ca-4ab6-972d-ddb212b1bf58"
413,"Waste Disposal",5398,False,True,"小游戏","","","e3327e0e-b59f-4c15-8e6a-af9f71f4bcef","https://image-assets.m.nintendo.com/0a15e837-9069-4d1f-add6-9f70dc65c59a"
414,"Giant Swing",9014,False,True,"小游戏","","","8ee9902e-2d50-427b-9ca8-50e9fe75c7bb","https://image-assets.m.nintendo.com/77ad9b3f-b69d-49cb-81ad-0b10495f077b"
415,"Pin Drop",9000,False,True,"小游戏","","","60a728c6-7dce-407f-a026-c70189be53a7","https://image-assets.m.nintendo.com/5c6b200f-2dba-4f77-acfd-6c25c3bc1f51"
416,"Dial-a-Flex",7781,False,True,"小游戏","","","c65c07a5-e7ca-42c8-837a-5e68bfb30cf6","https://image-assets.m.nintendo.com/0e4ee8a6-be22-4c0a-a5fd-062232c2fbce"
417,"Fresh Squeezed",5160,False,True,"小游戏","","","b3b860cf-7a79-4f45-8031-97e417f8f1f0","https://image-assets.m.nintendo.com/53337289-9eda-4f7f-9657-877acb6d4e44"
418,"Microgame Fail (Volcano Wario)",2874,False,True,"瓦力欧","","","4c040f9a-55d4-43c4-a20f-89e3ae94e29c","https://image-assets.m.nintendo.com/2f8b21ae-129a-4072-9e1e-c6a165aa839c"
419,"Camera Ready",5148,False,True,"小游戏","","","4b3cdc76-3d85-4a92-a517-d11f9dbeadf9","https://image-assets.m.nintendo.com/d88266e8-0665-4811-8163-51a6f846b562"
420,"Fishin' Hole",8607,False,True,"小游戏","","","78a8ec66-6da0-4911-a092-4aeba10693d0","https://image-assets.m.nintendo.com/cebbb581-4e47-4d3d-a46e-30252a0f4709"
421,"Balloon Buster",8141,False,True,"小游戏","","","be0067c0-66e7-493c-8b5c-30e98a4b6007","https://image-assets.m.nintendo.com/eb8a08bb-b8a0-4ed2-8b9b-80e87f1b7b55"
422,"Match Cut",5084,False,True,"小游戏","","","4b3700bb-b9dc-4dbb-bec6-6e43c17c6dd4","https://image-assets.m.nintendo.com/554f98f3-02d1-4931-947b-a53b1644e852"
423,"Garlic Grab",4820,False,True,"小游戏","","","4b240835-e7a8-4905-994d-cfe6ab53fc6b","https://image-assets.m.nintendo.com/43d0966b-ef17-480e-a0c7-64c676119f53"
424,"Chopsticks Champ",5204,False,True,"小游戏","","","ca0a341f-d181-4d18-8067-eeb5e1c22d09","https://image-assets.m.nintendo.com/9c18d96b-6403-4b69-92cc-7f42c1c4e70c"
425,"Party of ?",5079,False,True,"小游戏","","","1323879f-1e56-49f7-ad71-d46710ef03a0","https://image-assets.m.nintendo.com/60963155-32c3-4439-9b24-952b211b8528"
426,"Boss Stage (Volcano Wario)",5149,False,True,"瓦力欧","","","809259e9-05a8-4034-9759-605587e41112","https://image-assets.m.nintendo.com/4402844d-0ee9-4761-b253-6df073b50120"
427,"Super Wario Dance Company (Boss)",74089,False,True,"小游戏|瓦力欧","","","210cdb81-3bbd-4c10-be37-23b0801d666f","https://image-assets.m.nintendo.com/0a206a57-b5b8-4083-9a1b-ceaaa8111e5c"
428,"Stage Clear (Volcano Wario)",5151,False,True,"瓦力欧","","","1fcc4cd7-469a-4832-b171-93fa50696cbf","https://image-assets.m.nintendo.com/4888554e-f7b2-4d2f-ae61-5a66a85d2f8c"
429,"Epilogue (Volcano Wario)",42294,False,True,"瓦力欧","","","cfd03f6b-3c62-4de0-830a-559250e90b86","https://image-assets.m.nintendo.com/76532318-9c63-4b95-b2de-719fae29ef15"
430,"Level Up! (Volcano Wario)",5426,False,True,"瓦力欧","","","4863e708-3fa6-4049-a274-d1eee051a051","https://image-assets.m.nintendo.com/00173c60-d235-4966-8b68-7ee849190a8d"
431,"Game Over (Volcano Wario)",3485,False,False,"瓦力欧","","","e747c571-f37d-49c1-b4aa-afd16e947997","https://image-assets.m.nintendo.com/64104681-6d14-489e-97e2-a5c8e422ac23"
432,"Second-Chance Stance",24764,False,True,"","","","08575063-05a2-476c-b542-bde75a490dc0","https://image-assets.m.nintendo.com/39514886-2031-4a49-8435-9f3c4a4859e5"
433,"Results (Volcano Wario)",72972,True,True,"瓦力欧","","","296f1651-3a3b-4290-99d9-761bb910ced9","https://image-assets.m.nintendo.com/4368a02e-79b4-4a53-bfdd-36d674ef6d64"
434,"Cast",67907,False,True,"","","","d9fd4898-518a-4159-837a-f564030da052","https://image-assets.m.nintendo.com/5dfb92b7-e5f9-46fe-8ab4-82a4f1636722"
435,"Credits",276965,False,True,"","制作人员名单","","527b424a-2d16-47de-a36a-58e2fb413281","https://image-assets.m.nintendo.com/dc28ac32-f442-4e6d-8b2b-acf7b0be09a7"
436,"Theater",132378,True,False,"","","","055f7c0f-63f6-4e80-9653-f4d555287ffb","https://image-assets.m.nintendo.com/a10f1e17-0c6e-487f-8cca-fe9eea3fc541"
437,"Museum",163659,True,False,"","","","fc8f4262-366a-49ab-ba42-3d31f6d4efa9","https://image-assets.m.nintendo.com/58decab2-6895-42b7-9210-d80aa376c88a"
438,"Stage Intro (Museum)",3301,False,False,"","","","c8647a34-f1fe-4cf8-9641-be1682c29399","https://image-assets.m.nintendo.com/d034e52d-d9e1-47c4-a52b-92ccdd116d46"
439,"Microgame Success (Museum)",3340,False,False,"","","","da7722b6-a11f-4e31-82b0-dce796829012","https://image-assets.m.nintendo.com/cad0f0ba-7d08-4514-9b88-ecffcaa6736a"
440,"Microgame Intro (Museum)",5386,False,False,"","","","ff3998e7-cf8d-41bd-a6e4-e8a98aeb7540","https://image-assets.m.nintendo.com/1526a076-18eb-4bed-8db5-9fb1c1b3f61f"
441,"Microgame Fail (Museum)",2960,False,False,"","","","0eaef438-353c-43ab-9f2e-0040eed74bbf","https://image-assets.m.nintendo.com/78615b31-43c1-4b31-91c3-b5c86e80ca34"
442,"Success (Megagame Muscles)",177585,False,False,"Bonus Games|克莱格博士|瓦力欧","与歌声同行|大家一起来","Nintendo Music精选|Nintendo Switch精选","1f041278-1281-49ab-b475-9370f7689250","https://image-assets.m.nintendo.com/399eea20-70dc-4c5a-b60f-56622555ba8e"
443,"Success (Megagame Muscles) (English)",177585,False,False,"Bonus Games|克莱格博士|瓦力欧","与歌声同行|大家一起来","Nintendo Music精选|Nintendo Switch精选","3c2f8e8e-375a-47b3-b1e2-b34e8ff2baa4","https://image-assets.m.nintendo.com/18654aee-ad0d-43d7-be9b-65bfe17afb94"
444,"Fail (Megagame Muscles)",177585,False,False,"Bonus Games","","","f5408b6d-512e-4f9a-a05d-9e2040ecb27f","https://image-assets.m.nintendo.com/8ca72320-9981-4a18-b663-93238807c5ab"
445,"Fail (Megagame Muscles) (English)",177585,False,False,"Bonus Games","","","33a21998-ebfa-4623-aa8b-1d4142e17780","https://image-assets.m.nintendo.com/927991e5-0d16-4bd0-b44f-ebf51f3153d3"
446,"Lazy (Megagame Muscles)",177585,False,False,"Bonus Games","","","ee78ea2d-8280-43a9-b4f6-0140bed96e61","https://image-assets.m.nintendo.com/a9267573-9800-431f-a169-dbd5f67c8b9d"
447,"Lazy (Megagame Muscles) (English)",177585,False,False,"Bonus Games","","","37717470-bb0d-4252-b977-717ffc36d07a","https://image-assets.m.nintendo.com/a2595ca5-48d5-4276-962d-9675722ef864"
448,"Results (Megagame Muscles)",30048,True,False,"Bonus Games|克莱格博士","","","1d68e14d-352e-44fb-bde7-0bfc755556bc","https://image-assets.m.nintendo.com/08d83105-deb1-45ff-a32e-7ff692982328"
449,"Stage Intro (All Mixed Up)",4680,False,False,"Bonus Games","","","07b38b8f-90b7-47d3-9d11-63f04aac654f","https://image-assets.m.nintendo.com/bce29994-5ad1-4a6c-9027-dc7436276f0c"
450,"Microgame Success (All Mixed Up)",2891,False,False,"Bonus Games","","","217b51a5-1f8f-4955-90a6-88725fec4fa1","https://image-assets.m.nintendo.com/0be1007d-081d-49e7-a20a-0f9ead1a780c"
451,"Microgame Intro (All Mixed Up)",5103,False,False,"Bonus Games","","","1abc44e0-b85f-442e-b63b-c756dec964ad","https://image-assets.m.nintendo.com/a3493398-bfcf-4b1b-8417-ae24c6fe38a5"
452,"Microgame Fail (All Mixed Up)",3013,False,False,"Bonus Games","","","6fcad0f7-93af-4986-bf31-8a90ef49a3b1","https://image-assets.m.nintendo.com/b5ca2dfb-650f-47f7-8922-b86630ef6588"
453,"Level Up! (All Mixed Up)",5061,False,False,"Bonus Games","","","a47da383-a8ec-4207-b5e6-9e841bee761b","https://image-assets.m.nintendo.com/c26ec4e6-bfe4-4f89-a063-07dc04ecd27b"
454,"Game Over (All Mixed Up)",3539,False,False,"Bonus Games","","","d20d1484-d82d-4887-a348-a11429021c3d","https://image-assets.m.nintendo.com/ad493519-41a1-4de0-b094-9998e25ec754"
455,"Results (All Mixed Up)",75683,True,False,"Bonus Games","","","0b74559f-4dbb-4475-966e-2f9541437355","https://image-assets.m.nintendo.com/d8bc4566-5ab2-40f4-9716-2b4c1106d446"
456,"Speed Up! (Double Act)",5270,False,False,"Bonus Games","","","e74bba2f-e543-435e-b412-efc6a432fad1","https://image-assets.m.nintendo.com/1e3538fb-7581-4498-ab52-92fa968836ea"
457,"Boss Stage (Double Act)",5683,False,False,"Bonus Games","","","7af85ea1-082c-4e73-983d-ba390bd89474","https://image-assets.m.nintendo.com/e7118b09-fa89-4f7e-acba-bcd84db6525a"
458,"Title Screen (Dirty Job)",66553,True,False,"Bonus Games|莫娜","","","a48b207e-7264-4509-874f-6d6faf756d46","https://image-assets.m.nintendo.com/afaab298-99eb-491f-9559-51ed0fe01e66"
459,"1st Shift & 2nd Shift (Dirty Job)",158644,True,False,"Bonus Games|莫娜","","","467c08a9-f7cc-40aa-84e1-6ab94427d99c","https://image-assets.m.nintendo.com/c515b030-e50a-4698-9080-81427b5e2363"
460,"Boss Battle (Dirty Job)",114773,True,False,"Bonus Games|莫娜","","","a93aacca-d42a-4c5e-b7fd-0352a3f99353","https://image-assets.m.nintendo.com/30ebcd47-9bda-4587-9533-84bc25ed428d"
461,"Stage Clear (Dirty Job)",10226,False,False,"Bonus Games|莫娜","Win!","","8d746744-fb78-46ac-833d-9288ec0015bc","https://image-assets.m.nintendo.com/76fe4023-187f-4090-b268-c4ff48739337"
462,"3rd Shift (Dirty Job)",128500,True,False,"Bonus Games|莫娜","","","d1bebd21-534c-4d5f-81c5-4a1495ebe03f","https://image-assets.m.nintendo.com/cb88ac28-bb05-43ea-8add-effc3b5a442d"
463,"4th Shift & Last Shift (Dirty Job)",126990,True,False,"Bonus Games|莫娜","","","8f93103e-4e5e-4868-a2b9-638741e6c093","https://image-assets.m.nintendo.com/a1fd6d41-ed37-466c-94e7-4ae836437279"
464,"Final Boss Battle (Dirty Job)",108852,True,False,"Bonus Games|莫娜","","","bc9bc643-1b2c-482a-9161-49c543e927e3","https://image-assets.m.nintendo.com/31c0037c-7e5b-4855-b198-5b635a103f71"
465,"Game Clear (Dirty Job)",5730,False,False,"Bonus Games|莫娜","Win!","","953e0a40-0f58-4e40-a0ab-91e50fade4ec","https://image-assets.m.nintendo.com/3a9367f6-b668-43f1-9882-859ab68e77e4"
466,"Game Over (Dirty Job)",4497,False,False,"Bonus Games|莫娜","","","c8407953-8bd3-4656-a6b0-882be5a752c7","https://image-assets.m.nintendo.com/bd273527-158c-4fb6-bd04-d6d38e3b451b"
467,"Results (Dirty Job)",50817,True,False,"Bonus Games|莫娜","","","22153456-f034-4093-bec2-fd33b89d3d3d","https://image-assets.m.nintendo.com/459d21a0-5402-4f41-86e3-694155496093"
468,"Title Screen (PyoroW)",77919,True,False,"Bonus Games|蹦罗","放松一下","","9aceb69d-bfe3-4ad2-afe0-d782bdc3029e","https://image-assets.m.nintendo.com/07214fc4-8b08-4c4c-ae4a-c704fc4803b9"
469,"Phases 1 to 3 (PyoroW)",207985,True,False,"Bonus Games|蹦罗","放松一下","","3c7947ed-8d1a-4eaa-b399-9abe215cc969","https://image-assets.m.nintendo.com/223ffb7d-26d5-4f80-882a-da9f5734456f"
470,"Phases 4 and 5 (PyoroW)",209950,True,False,"Bonus Games|蹦罗","","","c60b6851-f72c-42c2-92f5-24e2f30ab590","https://image-assets.m.nintendo.com/714f3c52-385d-4a4f-822c-346c1a0400cb"
471,"Game Over (PyoroW)",4561,False,False,"Bonus Games|蹦罗","","","be151374-db9c-429c-826e-626d696c7ee2","https://image-assets.m.nintendo.com/3385800b-fa5a-4238-a637-693ea91274b2"
472,"Results (PyoroW)",55981,True,False,"Bonus Games|蹦罗","","","54f31e6f-7c80-4dde-b314-d67ae73dd77e","https://image-assets.m.nintendo.com/b6a7255d-978d-4320-b0d8-86035f243828"
473,"Stage Intro (Switching Gears)",3797,False,False,"Bonus Games|卡特＆安娜","","","c427040a-3f58-4bb3-9f33-ccf6fca89da8","https://image-assets.m.nintendo.com/01d918ca-923b-44f1-bc9e-bcb52c0b54c4"
474,"Mechanism Operation Guide (Switching Gears)",6082,False,False,"Bonus Games|卡特＆安娜","","","9778aa71-bece-4539-8636-ccd0a9858bf7","https://image-assets.m.nintendo.com/1ed54e83-9dd4-46f9-bab5-1e1183de4098"
475,"Microgame Success (Switching Gears)",3565,False,False,"Bonus Games|卡特＆安娜","","","5a470c83-24fc-47ee-9f3f-088daec58b4e","https://image-assets.m.nintendo.com/6a041cb0-a868-43f7-9778-6c4a4420a46b"
476,"Microgame Intro (Switching Gears)",5824,False,False,"Bonus Games|卡特＆安娜","","","daa578e8-fbcf-4d75-8d4a-d641c42cca4d","https://image-assets.m.nintendo.com/eb00bce8-cd06-463d-9f79-da85529a3882"
477,"Microgame Fail (Switching Gears)",3121,False,False,"Bonus Games|卡特＆安娜","","","92deb005-e62f-4a01-98c4-bead8775381a","https://image-assets.m.nintendo.com/601a2e84-40cd-4adc-98e4-442bb2948b72"
478,"Swap Mechanisms! (Switching Gears)",5395,False,False,"Bonus Games|卡特＆安娜","","","61aa94ac-8ca2-46a9-9646-07f34f7c2590","https://image-assets.m.nintendo.com/b579b708-47a2-4afa-9bc6-9feecf2491f9"
479,"Change Roles! (Switching Gears)",4219,False,False,"Bonus Games|卡特＆安娜","","","cda8d74e-6d11-4d5a-8adf-073762cc1730","https://image-assets.m.nintendo.com/bbe54346-f85e-4880-bed5-2bba8c748e49"
480,"Level Up! (Switching Gears)",5208,False,False,"Bonus Games|卡特＆安娜","","","5d4dfbfe-d499-4ce1-9b5e-a3efd65c8127","https://image-assets.m.nintendo.com/4b4a19d4-2962-4e57-b2ba-877bc2929e7c"
481,"Game Over (Switching Gears)",5024,False,False,"Bonus Games|卡特＆安娜","","","ea4f5ecf-da40-4d16-84ff-bc6c465db0ff","https://image-assets.m.nintendo.com/43483d38-a14c-46bc-bcdc-1f0cb86e29cd"
482,"Results (Switching Gears)",83984,True,False,"Bonus Games|卡特＆安娜","","","569bd9e6-2b49-45d5-9795-05ba8ce023fa","https://image-assets.m.nintendo.com/32e57589-fe19-473d-aebe-e7f484f6930d"
483,"Title Screen (Showdown)",70120,True,False,"Bonus Games|库利凯特＆曼提斯","","","9f40d863-668b-413f-847b-e6c046b25bf7","https://image-assets.m.nintendo.com/45ad54be-6194-47a7-8e13-39778fd41c1d"
484,"Stock Settings (Showdown)",55657,True,False,"Bonus Games|库利凯特＆曼提斯","","","e0225bb4-5777-4a9b-8765-49f01272ea26","https://image-assets.m.nintendo.com/c84d5d30-b59c-4fc9-9e71-e5a821bad8c7"
485,"Stage Intro (Showdown)",4959,False,False,"Bonus Games|库利凯特＆曼提斯","","","f871607d-5b2c-44ec-9efb-3f1535ffda54","https://image-assets.m.nintendo.com/31317283-8517-461a-9682-ca1cc5660c62"
486,"Microgame Success (Showdown) - Two Players",4777,False,False,"Bonus Games|库利凯特＆曼提斯","","","294e16f4-a009-4add-b813-f54f6f67b240","https://image-assets.m.nintendo.com/12a60249-0d50-4785-99e1-7b9f0cc414c3"
487,"Microgame Intro (Showdown)",5414,False,False,"Bonus Games|库利凯特＆曼提斯","","","b297145e-029e-4544-896a-be132692ea55","https://image-assets.m.nintendo.com/06ef2781-aa94-48a3-a622-6357e85ea65c"
488,"Microgame Success (Showdown) - One Player",4980,False,False,"Bonus Games|库利凯特＆曼提斯","","","8f29eb6f-4722-420f-a792-adce5a14feb9","https://image-assets.m.nintendo.com/06d2ea53-e562-4419-999d-503002854408"
489,"Microgame Fail (Showdown) - Two Players",3164,False,False,"Bonus Games|库利凯特＆曼提斯","","","d62c1076-65e5-4d43-92c5-0b0f6bda6f9a","https://image-assets.m.nintendo.com/525f62c1-0582-413f-b0a0-9f25284a894d"
490,"Tiebreaker! (Showdown)",5766,False,False,"Bonus Games|库利凯特＆曼提斯","","","78c029fe-d391-4417-b158-e12b70723234","https://image-assets.m.nintendo.com/a85675a7-d52d-433b-b0cd-97e124089fc1"
491,"Success! (Showdown) - Two-Player Tiebreaker",4371,False,False,"Bonus Games|库利凯特＆曼提斯","","","104cb515-d79f-4833-98c1-3c6ebe11adea","https://image-assets.m.nintendo.com/9b2bce69-f8d7-4163-b86e-ff33fa98bcb5"
492,"Microgame Intro (Showdown) - Tiebreaker",5415,False,False,"Bonus Games|库利凯特＆曼提斯","","","c35794ff-e5a1-41ae-a174-2ab792e0191b","https://image-assets.m.nintendo.com/bfdc334f-3ca1-434c-bc50-3184c5694bb5"
493,"Fail (Showdown) - Two-Player Tiebreaker",3763,False,False,"Bonus Games|库利凯特＆曼提斯","","","a898a441-8c41-435f-8d99-7ee0d7ca5667","https://image-assets.m.nintendo.com/1a9b8465-e6be-4e54-aa46-7c99c8dc1a40"
494,"Success (Showdown) - One-Player Tiebreaker",4883,False,False,"Bonus Games|库利凯特＆曼提斯","","","44272386-4b09-4f07-a2cb-38ef84451db8","https://image-assets.m.nintendo.com/a5bb4eb6-2934-4f01-a2a4-a8c74a6e6466"
495,"Resolution (Showdown)",4673,False,False,"Bonus Games|库利凯特＆曼提斯","","","c9416de5-c639-4371-aea5-5469f5bd2486","https://image-assets.m.nintendo.com/8e30a9f4-48d5-4510-a781-cbc42d8e774e"
496,"Results (Showdown)",88418,True,False,"Bonus Games|库利凯特＆曼提斯","","","2a983afa-f14f-4785-9326-8af92022d891","https://image-assets.m.nintendo.com/0c2c1356-71ec-4c37-9222-0b98b0d54cb3"
497,"Title Screen (Copycat Mirror)",86775,True,False,"Bonus Games|艾希莉＆小红魔","或许存在鬼怪","","1099911a-bf86-4ac1-b6d9-753800b61034","https://image-assets.m.nintendo.com/eaba9cbe-274e-4335-8b85-5cd9f53aeaa8"
498,"Tutorial (Copycat Mirror)",99313,True,False,"Bonus Games|艾希莉＆小红魔","","","a04eb84c-3f86-4b56-9c4b-84016f8d84db","https://image-assets.m.nintendo.com/8eb48bc3-3309-461e-b963-181d5897ab68"
499,"Stage Intro (Copycat Mirror)",2684,False,False,"Bonus Games|艾希莉＆小红魔","","","bd7fc666-24f8-49c9-a5aa-c341afebcc0f","https://image-assets.m.nintendo.com/1e49c8f2-4d11-4915-8c95-96d71772b0b0"
500,"Microgame Success (Copycat Mirror)",3206,False,False,"Bonus Games|艾希莉＆小红魔","","","9115073b-f3fa-4827-bfa8-ea3d3bbfd773","https://image-assets.m.nintendo.com/c270f515-5b14-4075-9dee-477a22d781c1"
501,"Microgame Intro (Copycat Mirror)",5313,False,False,"Bonus Games|艾希莉＆小红魔","","","0f84a7fa-c796-4813-9b1a-9d077bbc1490","https://image-assets.m.nintendo.com/9a4dfadf-9b73-470f-9ffd-dce648258810"
502,"Microgame Fail (Copycat Mirror)",3180,False,False,"Bonus Games|艾希莉＆小红魔","","","967213bc-1881-4e51-84cd-c186c1455fda","https://image-assets.m.nintendo.com/7e088878-4fa5-40b0-817d-912dcf975b70"
503,"Level Up! (Copycat Mirror)",5325,False,False,"Bonus Games|艾希莉＆小红魔","","","a551ae89-d93d-49d7-939c-cf0ab38121cb","https://image-assets.m.nintendo.com/2fd76429-ab46-4c89-82a8-666951a14195"
504,"Game Over (Copycat Mirror)",3871,False,False,"Bonus Games|艾希莉＆小红魔","","","bc795c6d-d766-465c-9e9f-7653a1c802b7","https://image-assets.m.nintendo.com/1a966d0d-45f6-46d7-a9e3-038fe3d123b2"
505,"Results (Copycat Mirror)",67639,True,False,"Bonus Games|艾希莉＆小红魔","","","b9a61886-d7e7-44c8-aa94-fe858bab6749","https://image-assets.m.nintendo.com/9a53c13c-d58d-456b-80fa-fd462061afb1"
506,"Galactic Conquest: Title Screen",73403,True,False,"Bonus Games","","","19840c7e-4c30-4066-9a6e-65a6e063b726","https://image-assets.m.nintendo.com/2eab8a57-82cb-4e20-bf11-163b13b48370"
507,"Galactic Conquest: Map",97035,True,False,"Bonus Games","","","3850c89c-d2dc-4dc8-8f9f-f73eb5c3eb8d","https://image-assets.m.nintendo.com/ca950739-ad77-4ecd-a72c-aed5a80d3a59"
508,"Galactic Conquest: Shake Shake Soda",12078,False,False,"Bonus Games","","","1d41e3a2-b829-468f-a179-d2fffd3faf1a","https://image-assets.m.nintendo.com/db03ae0c-13f7-4468-90c6-a6fff7769664"
509,"Galactic Conquest: Compare the Hair",91797,True,False,"Bonus Games","","","5ca3da68-6276-4af8-a3e3-46232a58afce","https://image-assets.m.nintendo.com/02a52ca6-f280-44f5-8e20-c23aab7dcc07"
510,"Galactic Conquest: Compare the Hair (Who's Got More?)",41216,True,False,"Bonus Games","","","e6b0ee8c-baea-40f7-a14d-f6654f0dfde0","https://image-assets.m.nintendo.com/65d4b85b-1549-4384-8fcf-97e05e24dfa6"
511,"Galactic Conquest: Drying Couple",86437,True,False,"Bonus Games","","","a616095d-9484-4e4a-b7fb-9e97d07454cd","https://image-assets.m.nintendo.com/3df6049a-eabf-4c78-8dd6-f82eefe47d48"
512,"Galactic Conquest: Dodo Race",104503,True,False,"Bonus Games","","","fedca17e-a809-4224-a446-40e7ca02e029","https://image-assets.m.nintendo.com/df14b4b2-a30d-4303-8ef4-cb055905b2d1"
513,"Galactic Conquest: Dodo Race (Results)",28075,True,False,"Bonus Games","","","dd039cf0-d5e8-4bf4-85c4-56964359678b","https://image-assets.m.nintendo.com/b0877316-ae2a-4023-82d0-9c9bfedbbd89"
514,"Galactic Conquest: Paper on a Roll",107946,True,False,"Bonus Games","","","0907b982-f62b-4bc2-adf7-51a656ad3120","https://image-assets.m.nintendo.com/f8f67871-16c3-47e4-8c0e-4896e776f00a"
515,"Galactic Conquest (Mini Dragon): Smooth",111078,True,False,"Bonus Games","","","49fe29f3-c409-49f4-83ac-fa847fbe1492","https://image-assets.m.nintendo.com/161c6772-206e-4352-abf1-4ba26e071763"
516,"Galactic Conquest (Mini Dragon) (Results): Smooth",5807,False,False,"Bonus Games","","","296a45b0-7814-40b2-8a1c-644197c58c96","https://image-assets.m.nintendo.com/4333ecf8-aef6-4350-ab37-ba147eba8aaa"
517,"Galactic Conquest: Ready...Go!",36088,True,False,"Bonus Games","","","53eead47-2c16-4f9e-9e92-68903fe3a3dc","https://image-assets.m.nintendo.com/79c473d5-0514-4a30-9daf-1a555feedc4b"
518,"Galactic Conquest: Spear Hunting",34775,False,False,"Bonus Games","","","f51e7665-b5e3-48ac-930b-013c2d18891a","https://image-assets.m.nintendo.com/b68d974c-9ebc-4953-bba1-3d478af33811"
519,"Galactic Conquest: Spear Hunting (Playoff!)",43273,True,False,"Bonus Games","","","d64a8637-ea91-4886-892d-6c01a0b1dfda","https://image-assets.m.nintendo.com/ff0ab271-f320-4e2d-ab01-734195bc39c1"
520,"Galactic Conquest: Butt Stamp",119083,True,False,"Bonus Games","","","15ba9daf-277e-4aa0-8f55-33f4a954f2c4","https://image-assets.m.nintendo.com/49bf9ead-64c4-4966-9ad7-87ed7881afbf"
521,"Galactic Conquest: Dance with Everyone",74413,False,False,"Bonus Games","大家一起来","","8bbe632d-a22a-4830-af62-0f039be68b94","https://image-assets.m.nintendo.com/3b15ee30-72fa-48b1-9caa-bba956e89bd1"
522,"Galactic Conquest: Goal",10085,False,False,"Bonus Games","Win!","","e5d1d922-19be-4e4e-a1ee-d21a3cdc042b","https://image-assets.m.nintendo.com/907a48a8-1f8e-4db5-a00a-8f6effc16084"
523,"Galactic Conquest: Results",55948,True,False,"Bonus Games","","","f329c6ff-7167-42ba-8045-8d5ea6cc2384","https://image-assets.m.nintendo.com/ec703ba6-03a3-46a6-893e-4618a72e1676"
524,"Listen to the Doctor!: Title Screen",78542,True,False,"Bonus Games","放松一下","","8b61c350-794a-4c0d-a560-7c8c968d0778","https://image-assets.m.nintendo.com/c4e37d9e-bb55-47eb-be35-0043c4d07f8f"
525,"Listen to the Doctor!: Commence Examination!",2875,False,False,"Bonus Games","","","9690225a-e667-4b89-9625-caac65a988c2","https://image-assets.m.nintendo.com/8e7eda95-43bc-4cd8-8d8f-0ea1aa372096"
526,"Listen to the Doctor!: Form Instruction",3497,False,False,"Bonus Games","","","4fcf00a6-3d96-4f38-a9bb-8f8a80f06736","https://image-assets.m.nintendo.com/2ccf1ea4-c324-458d-a910-02d5458e28a8"
527,"Listen to the Doctor!: Doctor's Orders",24074,True,False,"Bonus Games","","","33379a8f-3e19-40bc-9b1b-890fea158687","https://image-assets.m.nintendo.com/979bc5a4-7e05-48ab-8fa5-001244b04da8"
528,"Listen to the Doctor!: Microgame Success",4256,False,False,"Bonus Games","","","8ea7bdb7-0996-496c-b702-f9936a5c7f08","https://image-assets.m.nintendo.com/a7ba516e-611d-4949-adb3-3ba4cd5f9336"
529,"Listen to the Doctor!: Did They Listen to the Doctor?",2010,False,False,"Bonus Games","","","d364973d-1217-4fa7-88df-ebe1e2231baa","https://image-assets.m.nintendo.com/ba6f4eb1-e929-46d5-8ccc-d68235ba31ba"
530,"Listen to the Doctor!: Wave Your Arms!",6236,False,False,"Bonus Games","","","640fa803-aa98-464f-900a-94830cbecbc2","https://image-assets.m.nintendo.com/11515fbe-a1a8-44a6-89fe-db2a31eef456"
531,"Listen to the Doctor!: Neeext Up!",5027,False,False,"Bonus Games","","","4bd4336f-58a2-43d7-8ffa-357d62a4d51d","https://image-assets.m.nintendo.com/3d698587-f469-4eec-8d1e-4966204f3edf"
532,"Listen to the Doctor!: Microgame Fail",5115,False,False,"Bonus Games","","","6818abcf-e17d-4c0b-b900-c30ebb8883d0","https://image-assets.m.nintendo.com/7502799a-14a5-451b-aeaf-65673a181a45"
533,"Listen to the Doctor!: Examination Results",5974,False,False,"Bonus Games","","","f23decd2-8a0f-49c7-86d2-f3906f2687de","https://image-assets.m.nintendo.com/3e657afd-0c3a-4a7e-b0b8-4f1b89559727"
534,"Listen to the Doctor!: Who Listened Closest to the Doctor's Orders?",8606,False,False,"Bonus Games","","","721bfb6f-ca9c-4768-8a2a-f89c49954c6d","https://image-assets.m.nintendo.com/e8dd05ac-51b7-4617-8385-48b29d96ec19"
535,"Listen to the Doctor!: You're Great!!",5936,False,False,"Bonus Games","Win!","","2e7da2d9-88c1-4ba0-a627-b97b5fb209ed","https://image-assets.m.nintendo.com/71b4e79f-7b19-46a9-9c06-565ff228251e"
536,"Listen to the Doctor!: The Diagnosis Is...Fatal...",6004,False,False,"Bonus Games","","","5f16f552-6aab-47ba-a240-dcde4e05c834","https://image-assets.m.nintendo.com/fbded863-b6a6-4134-8baf-23ffea7fed71"
537,"Listen to the Doctor!: Results",67868,True,False,"Bonus Games","","","9561a582-acec-4f93-bb84-b4dd43e2eb87","https://image-assets.m.nintendo.com/f1cc133d-b3ff-4ce4-93be-239dd44844be"
538,"Title Screen (Medusa March)",79170,True,False,"Bonus Games","","","8ad07c69-8b55-42b1-8712-5cb4665cb619","https://image-assets.m.nintendo.com/ea239fee-c61e-45ba-ba1e-02f72c78f316"
539,"Intro 1 (Medusa March)",5180,False,False,"Bonus Games","","","a9fb806d-897c-4607-9eea-88eddbbc9c94","https://image-assets.m.nintendo.com/035288e3-605b-4c97-a850-6b9ed4159f1f"
540,"Freeze! (Medusa March)",10017,True,False,"Bonus Games","","","8bbe6ee8-2224-44a7-abdd-55fe1451c339","https://image-assets.m.nintendo.com/554a2a13-1caa-4915-b516-66938e7f28b5"
541,"Intro 2 (Medusa March)",5854,False,False,"Bonus Games","","","ee707ca5-cc06-4879-aead-2c6e664fcba0","https://image-assets.m.nintendo.com/09074c4c-a677-456e-abb2-2c7761dfaaca"
542,"Defeat Medusa! (Medusa March)",9494,False,False,"Bonus Games","","","652e50f7-33f1-4fa0-bedd-ab451debfee4","https://image-assets.m.nintendo.com/af455bff-296a-4a3b-b62e-ae635a9d7893"
543,"Ahead! (Medusa March)",2869,False,False,"Bonus Games","","","6d60a299-9dfd-4f76-855e-f76256edf4e0","https://image-assets.m.nintendo.com/2f7b4393-a32c-48ee-bbc0-470193563696"
544,"Snakes Appear! (Medusa March)",3509,False,False,"Bonus Games","","","9722b2b4-8cc9-4b36-bf10-d700f1bcbe81","https://image-assets.m.nintendo.com/b9ff0b6c-c2f3-4870-b350-3c2398c3d00a"
545,"Microgame Intro (Medusa March)",4732,False,False,"Bonus Games","","","509f2e46-9722-49a4-bb5e-3292f9b9b004","https://image-assets.m.nintendo.com/ecf505f4-23d8-4a0c-8eea-277e41982b6d"
546,"Microgame 1 (Medusa March)",10956,False,False,"Bonus Games","","","1f1a05d4-df79-4c14-a892-8be72c27dfbd","https://image-assets.m.nintendo.com/3bd43af4-24e5-441a-a30e-218c5f3c17f2"
547,"Microgame 2 (Medusa March)",12911,False,False,"Bonus Games","","","d2baef99-3c02-45e2-a894-4044b5001555","https://image-assets.m.nintendo.com/8f32ef64-9c78-4609-92d5-11e752911882"
548,"Hurry Ahead! (Medusa March)",47164,True,False,"Bonus Games","","","60ddd763-5b70-4f07-8ece-4b95b9366395","https://image-assets.m.nintendo.com/6c32ed38-b43c-40de-ae95-54c3da906ac9"
549,"Clear (Medusa March)",6709,False,False,"Bonus Games","Win!","","2a0e7454-f807-44f2-b483-ab34d2a584ea","https://image-assets.m.nintendo.com/00900517-0043-4fe6-a0aa-fb487cd4b3bf"
550,"Game Over (Medusa March)",3411,False,False,"Bonus Games","","","1572ddae-7ba9-439b-8fe2-34b2c4d28b51","https://image-assets.m.nintendo.com/3d328dce-d240-443b-911a-6e12088de262"
551,"Results (Medusa March)",47408,True,False,"Bonus Games","","","e6f90f4c-39a5-4ed3-8975-e152009bd4fe","https://image-assets.m.nintendo.com/5ed6e0fa-32ad-4034-b848-056e03059414"
552,"Go the Distance: Title Screen",76858,True,False,"Bonus Games","","","c2d01a52-3985-419a-acde-01eaf1ad14a6","https://image-assets.m.nintendo.com/1126ff67-7206-4627-a965-e84cf3274335"
553,"Go the Distance: Intro",3318,False,False,"Bonus Games","","","985abcdb-4894-47ba-862a-244f8ad05902","https://image-assets.m.nintendo.com/af22672e-5d9b-44e6-a3ca-7e21e2cb4395"
554,"Go the Distance: Player Selection",5526,False,False,"Bonus Games","","","3c2f5238-df67-4713-b6ad-932d07f1b8f0","https://image-assets.m.nintendo.com/2736ecc4-c135-43e8-b62e-4405b3ef9608"
555,"Go the Distance: Microgame Success",4000,False,False,"Bonus Games","","","429206ff-91af-4618-8018-1c53b575a9c9","https://image-assets.m.nintendo.com/833598bd-b207-4a9b-a40d-8f8600fb48a6"
556,"Go the Distance: Microgame Intro",5472,False,False,"Bonus Games","","","9218e5f9-7220-445a-9777-9ae46e2322f8","https://image-assets.m.nintendo.com/41d9f5ce-8b20-46e8-92d1-e8f02a61b9af"
557,"Go the Distance: Everyone Failed",2917,False,False,"Bonus Games","","","6821f686-1421-4691-9324-14d28df41e98","https://image-assets.m.nintendo.com/59373f6a-c597-41d4-b195-661f9152fb16"
558,"Go the Distance: Microgame Success & Fail",4175,False,False,"Bonus Games","","","d11bb028-1ed0-4f81-89a5-075372ed16ce","https://image-assets.m.nintendo.com/80896aae-44ea-4000-914a-5cb997853046"
559,"Go the Distance: Winner",5254,False,False,"Bonus Games","Win!","","10c346a1-9ea0-4989-8e42-5bc29b294c45","https://image-assets.m.nintendo.com/1070e863-bf58-4dc5-8de6-5595be634b7a"
560,"Go the Distance: Results",86744,True,False,"Bonus Games","","","4f2c9d49-e4d0-43a0-a12f-97dcfc9a0c6e","https://image-assets.m.nintendo.com/ad216ffc-97e8-4725-9782-2309f4fa604d"
561,"The \"Who's in Control?\" Show: Title Screen",75757,True,False,"Bonus Games","","","58fcb444-99ed-468f-9df3-ffc58b2299b7","https://image-assets.m.nintendo.com/28ea94b6-0928-4282-be0d-cdbb89426e49"
562,"The \"Who's in Control?\" Show: OK!",38071,True,False,"Bonus Games","","","4bf99a58-fbe5-44b1-802a-2cbd3e5e4487","https://image-assets.m.nintendo.com/235e441f-8f73-4407-9be6-9e509c4dac71"
563,"The \"Who's in Control?\" Show: Intro",3371,False,False,"Bonus Games","","","7c136178-792e-479e-a99d-1dcb12af1777","https://image-assets.m.nintendo.com/6b324fcf-c019-4f81-9d7e-a26f0bfed751"
564,"The \"Who's in Control?\" Show: Microgame Fail",3180,False,False,"Bonus Games","","","6bd295cb-d94b-4494-972a-bb78aac8630f","https://image-assets.m.nintendo.com/a321432e-06f8-4dc8-93ca-160f94556291"
565,"The \"Who's in Control?\" Show: Microgame Intro",5173,False,False,"Bonus Games","","","6ce43af3-566e-4e58-8bcf-40eb5b147d77","https://image-assets.m.nintendo.com/680704a7-068d-4d87-a22b-8d198af40caf"
566,"The \"Who's in Control?\" Show: Microgame Success",4126,False,False,"Bonus Games","","","728be97a-e57f-42d4-939e-691f2b13f84c","https://image-assets.m.nintendo.com/a3467a71-e18a-45c1-afd7-c73761817552"
567,"The \"Who's in Control?\" Show: Finish!",3757,False,False,"Bonus Games","","","1a38b002-5196-4005-8981-5771b8150e05","https://image-assets.m.nintendo.com/f3532c9a-e837-4cb0-a8d3-a45418f27aac"
568,"The \"Who's in Control?\" Show: Who Was In Control?",49097,True,False,"Bonus Games","","","f6f590e8-fc08-4d03-89b1-d3a0c3819c3b","https://image-assets.m.nintendo.com/06cedc35-28c1-4010-854f-ba4acd97b74f"
569,"The \"Who's in Control?\" Show: Correct Answer",5210,False,False,"Bonus Games","","","32cd1231-5cbf-41c3-881b-1e40a82c79fc","https://image-assets.m.nintendo.com/0cc27c04-4546-4fc7-a6a8-cd06f0c533be"
570,"The \"Who's in Control?\" Show: Wrong Answer",5148,False,False,"Bonus Games","","","a1a44ba7-69fa-49eb-8c3c-a308bd9f2ef8","https://image-assets.m.nintendo.com/24af0ca8-3fa2-4638-baa6-ce027d3130b7"
571,"The \"Who's in Control?\" Show: Interim Results",8335,False,False,"Bonus Games","","","5002c67f-1cd3-4c7b-ac63-7ed53153ed76","https://image-assets.m.nintendo.com/1a2f92c4-ade4-44fb-8ede-e4deda1b921e"
572,"The \"Who's in Control?\" Show: Change Roles!",4085,False,False,"Bonus Games","","","1bc53fe5-4c64-4170-b027-ae35b36df8e5","https://image-assets.m.nintendo.com/a250ef58-e102-4fb7-8279-68aedde03c5a"
573,"The \"Who's in Control?\" Show: Tiebreaker",5085,False,False,"Bonus Games","","","90635425-51ca-4432-af9e-6887ae89fa27","https://image-assets.m.nintendo.com/9577d305-1195-433c-a763-3b042f98f0ff"
574,"The \"Who's in Control?\" Show: Tiebreaker OK!",47986,True,False,"Bonus Games","","","98117775-2a24-4d79-bca1-4c47f4a27fea","https://image-assets.m.nintendo.com/eb3e61d8-1f35-4013-9306-f6e08d8a864a"
575,"The \"Who's in Control?\" Show: The Results Are In!",7085,False,False,"Bonus Games","Win!","","e152b5f2-112a-4147-a447-21aa0de2c8ab","https://image-assets.m.nintendo.com/b50da8a4-5adf-4f46-9fff-0b2991eb4a35"
576,"The \"Who's in Control?\" Show: Results",53805,True,False,"Bonus Games","","","65993dda-6927-4add-82de-5714be374fa0","https://image-assets.m.nintendo.com/ba979775-0dcb-4d9a-86a0-03ad2213f896"
